3,0,1,0,0,0,0,0,0,1,0,0,0,0,0,6,1,1,2,0,0,0,9.9993e-01,1.8857e-06,2.4784e-05,1.9129e-06,9.1281e-06,1.6690e-05,3.2543e-06,1.6223e-05
1,0,1,0,0,0,0,0,0,1,0,0,0,0,0,4,1,1,4,0,0,0,9.9966e-01,2.6456e-04,3.5939e-05,3.1986e-07,5.7688e-06,6.3002e-06,1.8546e-05,4.2492e-06
0,1,0,0,0,0,0,0,1,0,0,0,0,0,0,4,0,6,0,0,0,0,2.8941e-03,2.7369e-05,1.0291e-05,2.2652e-05,7.0114e-05,1.0841e-05,9.9694e-01,2.5510e-05
1,0,1,0,0,0,0,0,0,1,0,0,0,0,0,8,1,1,0,0,0,0,9.9458e-01,8.3322e-05,4.3770e-03,6.6590e-05,1.5495e-04,2.6871e-04,9.1894e-05,3.7399e-04
1,0,1,0,0,0,0,0,0,0,0,1,0,0,0,3,1,1,5,0,0,0,9.9732e-01,2.3322e-03,2.4083e-04,4.2304e-06,1.7419e-05,2.3417e-05,1.5776e-05,4.4313e-05
1,0,1,0,0,0,0,0,0,1,0,0,0,0,0,5,2,2,1,0,0,0,9.8432e-01,2.2443e-03,4.6973e-03,1.2417e-03,5.1179e-04,2.9617e-03,9.0944e-04,3.1178e-03
1,0,1,0,0,0,0,0,0,1,0,0,0,0,0,6,1,2,1,0,0,0,9.9975e-01,7.0412e-05,2.6675e-05,1.7172e-05,2.6678e-05,4.0986e-05,4.7495e-05,1.7410e-05
0,1,0,0,0,0,0,0,1,0,0,0,0,0,0,0,0,7,0,0,0,3,2.8873e-02,6.5323e-04,2.1720e-05,5.5396e-03,7.9384e-03,1.0042e-04,9.5660e-01,2.7220e-04
1,0,1,0,0,0,0,0,0,1,0,0,0,0,0,9,0,1,0,0,0,0,1.0874e-02,2.8785e-04,2.7789e-05,5.8403e-05,9.8498e-01,3.5672e-03,7.0296e-05,1.3047e-04
0,1,0,0,0,0,0,0,1,0,0,0,0,0,0,2,0,8,0,0,0,0,9.2324e-01,3.1193e-05,4.9836e-04,8.4061e-05,1.9045e-02,1.0126e-03,5.5931e-02,1.5372e-04
1,0,1,0,0,0,0,0,0,1,0,0,0,0,0,9,0,1,0,0,0,0,9.9460e-01,3.5840e-06,3.8616e-05,1.0220e-05,5.2651e-03,4.3714e-05,1.9412e-05,1.8047e-05
0,1,0,0,0,0,0,0,1,0,0,0,0,0,0,3,0,7,0,0,0,0,7.3451e-01,1.9892e-02,3.3014e-03,3.2542e-04,5.8860e-04,9.0756e-04,2.3998e-01,4.8842e-04
1,0,1,0,0,0,0,0,0,1,0,0,0,0,0,8,0,2,0,0,0,0,9.9908e-01,1.6749e-05,1.7162e-04,1.2471e-05,4.3482e-04,5.3164e-05,1.4127e-04,8.6087e-05
1,0,1,0,0,0,0,0,0,1,0,0,0,0,0,9,0,1,0,0,0,0,9.5031e-01,8.4745e-04,9.6688e-05,1.8010e-05,4.8456e-02,5.5053e-05,1.3267e-04,8.6522e-05
1,0,1,0,0,0,0,0,0,1,0,0,0,0,0,9,0,1,0,0,0,0,2.2068e-01,4.4300e-02,2.1297e-04,1.0647e-04,7.3141e-01,1.1346e-03,4.1829e-04,1.7356e-03
1,0,1,0,0,0,0,0,0,1,0,0,0,0,0,9,0,1,0,0,0,0,9.9926e-01,1.7024e-06,1.6536e-05,3.3355e-07,6.9559e-04,7.8136e-06,1.3124e-05,4.1228e-06
1,0,1,0,0,0,0,0,0,1,0,0,0,0,0,7,1,2,0,0,0,0,9.9995e-01,3.3510e-06,1.4603e-06,1.3514e-06,3.6251e-05,1.5003e-06,2.5506e-06,2.9848e-06
1,0,0,0,0,1,0,0,0,1,0,0,0,0,0,5,0,3,0,0,0,2,9.4557e-01,6.1309e-05,1.2211e-04,1.3137e-03,9.0255e-04,1.0294e-03,5.0922e-02,7.7738e-05
1,0,1,0,0,0,0,0,0,1,0,0,0,0,0,8,0,1,0,1,0,0,9.4395e-01,4.2149e-04,1.5302e-04,2.2662e-02,3.1030e-02,1.0556e-03,3.2498e-04,4.0065e-04
0,1,0,0,0,0,0,0,1,0,0,0,0,0,0,1,0,9,0,0,0,0,7.4775e-05,3.9925e-05,7.6492e-06,2.7972e-05,1.0355e-05,5.8091e-06,9.9983e-01,7.7681e-06
1,0,1,0,0,0,0,0,0,1,0,0,0,0,0,8,0,1,0,0,0,1,9.0910e-01,2.7487e-04,3.1831e-04,8.5239e-03,6.3441e-03,1.5140e-03,7.3604e-02,3.2038e-04
1,0,1,0,0,0,0,0,0,1,0,0,0,0,0,10,0,0,0,0,0,0,9.9991e-01,6.2747e-06,2.8948e-05,2.4219e-05,6.0481e-06,4.9874e-06,1.6828e-05,5.5699e-06
1,1,0,0,0,0,0,0,0,1,0,0,0,0,0,5,0,4,0,0,0,1,8.7605e-01,2.0835e-04,1.8551e-04,6.6515e-03,2.4717e-03,1.3942e-03,1.1286e-01,1.7462e-04
1,0,1,0,0,0,0,0,0,1,0,0,0,0,0,9,0,1,0,0,0,0,9.9716e-01,2.8709e-05,3.1552e-05,6.1201e-05,1.0725e-03,1.4515e-03,3.1768e-05,1.5845e-04
1,0,1,0,0,0,0,0,0,1,0,0,0,0,0,9,0,1,0,0,0,0,9.9769e-01,3.2135e-05,1.0326e-05,5.6781e-05,1.9542e-03,1.4750e-04,4.9801e-05,5.7035e-05
1,0,1,0,0,0,0,0,0,1,0,0,0,0,0,10,0,0,0,0,0,0,9.9908e-01,1.8155e-05,2.9664e-05,2.6910e-04,3.9591e-04,1.0145e-04,3.9401e-05,6.5715e-05
1,0,1,0,0,0,0,0,0,1,0,0,0,0,0,5,0,1,0,0,4,0,8.9206e-01,2.2238e-04,1.0113e-03,1.0751e-04,1.7144e-02,3.2612e-04,1.3625e-03,8.7762e-02
2,0,0,0,0,1,0,0,0,0,0,0,1,0,0,1,0,1,0,0,0,8,9.9955e-01,7.4654e-06,7.3245e-06,3.7586e-04,7.1679e-06,6.6832e-06,4.4585e-05,2.6737e-06
1,0,1,0,0,0,0,0,0,1,0,0,0,0,0,8,1,1,0,0,0,0,9.9252e-01,1.0023e-04,3.6662e-05,1.5833e-04,6.2011e-03,8.5792e-04,3.7611e-05,9.1712e-05
2,0,0,1,0,0,0,0,0,0,0,1,0,0,0,3,1,0,6,0,0,0,4.9199e-01,3.0914e-04,4.0007e-01,5.7878e-05,1.0523e-01,3.2902e-04,1.1479e-03,8.6191e-04
1,0,1,0,0,0,0,0,0,1,0,0,0,0,0,9,0,1,0,0,0,0,9.9912e-01,4.7684e-05,2.2984e-04,9.3671e-06,3.4764e-04,1.3161e-04,5.6622e-05,5.8794e-05
1,0,1,0,0,0,0,0,0,0,0,1,0,0,0,4,0,0,6,0,0,0,1.4164e-02,1.2362e-04,9.8466e-01,4.1576e-06,6.4353e-04,1.0095e-04,2.8263e-05,2.7643e-04
1,0,1,0,0,0,0,0,0,1,0,0,0,0,0,5,0,0,0,4,1,0,9.4673e-01,2.1518e-04,9.8901e-03,3.9280e-04,3.8398e-03,1.0098e-02,8.4832e-05,2.8750e-02
3,0,1,0,0,0,0,0,0,1,0,0,0,0,0,9,1,0,0,0,0,0,2.5964e-02,1.4843e-03,9.5045e-01,2.6633e-04,1.5936e-02,5.0985e-03,3.0372e-04,4.9869e-04
1,0,1,0,0,0,0,0,0,1,0,0,0,0,0,4,1,1,1,1,2,0,9.9808e-01,1.2491e-05,1.2953e-04,4.2115e-05,1.5072e-04,9.5737e-05,3.4905e-05,1.4555e-03
1,0,1,0,0,0,0,0,0,1,0,0,0,0,0,6,2,2,0,0,0,0,9.9867e-01,4.2180e-04,2.7366e-05,7.5830e-05,3.3131e-04,7.9856e-05,1.3686e-04,2.5310e-04
2,0,0,1,0,0,0,0,0,0,0,1,0,0,0,2,1,0,7,0,0,0,9.9992e-01,1.6206e-05,2.4565e-05,2.0971e-05,1.8712e-06,4.3834e-06,3.2446e-06,4.8040e-06
1,0,1,0,0,0,0,0,0,1,0,0,0,0,0,4,0,2,0,0,4,0,9.9806e-01,9.8047e-05,1.1244e-05,5.4969e-05,8.6844e-05,1.3281e-04,7.3107e-04,8.2034e-04
2,0,0,0,0,1,0,0,0,0,0,0,1,0,0,3,2,0,0,0,0,5,9.9972e-01,3.8751e-05,7.6256e-06,1.8362e-04,9.4656e-06,7.4303e-06,1.1958e-05,1.6335e-05
3,0,1,0,0,0,0,0,0,1,0,0,0,0,0,6,1,0,3,0,0,0,7.9177e-04,3.3818e-04,9.9619e-01,4.6891e-05,1.3995e-03,1.0617e-03,3.9602e-05,1.3656e-04
1,0,1,0,0,0,0,0,0,1,0,0,0,0,0,6,1,2,0,0,0,1,9.9997e-01,4.2887e-06,3.6923e-06,7.6678e-06,4.3042e-06,1.5618e-06,5.2126e-06,4.0298e-06
0,1,0,0,0,0,0,0,1,0,0,0,0,0,0,2,0,8,0,0,0,0,9.4400e-01,3.7036e-05,1.7139e-04,1.9570e-05,4.9179e-03,2.4689e-04,5.0505e-02,1.0334e-04
1,0,1,0,0,0,0,0,0,1,0,0,0,0,0,4,1,1,4,0,0,0,9.9994e-01,2.2186e-05,8.6821e-06,1.1511e-06,9.0587e-06,2.2538e-06,6.5337e-06,5.7104e-06
1,0,1,0,0,0,0,0,0,1,0,0,0,0,0,10,0,0,0,0,0,0,8.0370e-02,3.8390e-05,4.2654e-05,4.4070e-05,9.1903e-01,1.9640e-04,6.8509e-05,2.0620e-04
1,0,1,0,0,0,0,0,0,1,0,0,0,0,0,10,0,0,0,0,0,0,9.8210e-01,6.7489e-05,2.1462e-06,9.6477e-05,1.7403e-02,2.0263e-04,5.6244e-05,6.7747e-05
1,0,1,0,0,0,0,0,0,1,0,0,0,0,0,10,0,0,0,0,0,0,9.9888e-01,8.1657e-06,9.6253e-06,3.1588e-06,1.0666e-03,1.2137e-05,8.6409e-06,1.4781e-05
3,0,0,0,1,0,0,0,0,0,0,1,0,0,0,3,1,0,6,0,0,0,4.5395e-01,3.4416e-04,5.3332e-01,1.0777e-04,8.3324e-04,9.9815e-04,1.1342e-03,9.3182e-03
1,1,0,0,0,0,0,0,0,1,0,0,0,0,0,6,0,3,1,0,0,0,6.7139e-01,3.3507e-04,5.2456e-04,4.4983e-04,4.2132e-03,1.8463e-04,3.2201e-01,8.8724e-04
1,0,1,0,0,0,0,0,0,1,0,0,0,0,0,8,1,1,0,0,0,0,9.9960e-01,2.5525e-05,3.0095e-05,3.2401e-06,1.9441e-04,9.9123e-06,6.9455e-05,6.5927e-05
0,1,0,0,0,0,0,0,1,0,0,0,0,0,0,0,0,10,0,0,0,0,9.9591e-01,5.5615e-05,2.2506e-04,4.2131e-05,1.0677e-03,2.1939e-04,2.2638e-03,2.1459e-04
1,0,1,0,0,0,0,0,0,1,0,0,0,0,0,5,0,5,0,0,0,0,9.6651e-01,3.7328e-04,1.4241e-04,2.1074e-04,1.5256e-02,1.3553e-03,1.3891e-02,2.2583e-03
0,1,0,0,0,0,0,0,1,0,0,0,0,0,0,4,0,6,0,0,0,0,8.3102e-01,4.7507e-05,1.1036e-04,9.6585e-05,5.9357e-03,2.9887e-03,1.5965e-01,1.4860e-04
1,0,1,0,0,0,0,0,0,1,0,0,0,0,0,6,1,3,0,0,0,0,9.9825e-01,1.6032e-04,2.6990e-05,5.0307e-06,1.1288e-03,8.6860e-05,2.9008e-04,5.3033e-05
1,0,1,0,0,0,0,0,0,1,0,0,0,0,0,9,0,1,0,0,0,0,9.9992e-01,8.8862e-06,3.7866e-06,1.0295e-05,2.9564e-05,5.4816e-06,1.1460e-05,1.1288e-05
3,1,0,0,0,0,0,0,1,0,0,0,0,0,0,2,0,8,0,0,0,0,8.6214e-01,1.9874e-02,2.7914e-03,1.0790e-02,5.3489e-03,2.0652e-04,9.8618e-02,2.3640e-04
2,0,1,0,0,0,0,0,1,0,0,0,0,0,0,4,0,6,0,0,0,0,9.9700e-01,1.3026e-05,1.9273e-05,3.0278e-05,1.4727e-05,1.7319e-05,2.8805e-03,2.7781e-05
0,1,0,0,0,0,0,0,1,0,0,0,0,0,0,0,0,10,0,0,0,0,5.5161e-03,9.3097e-05,1.7805e-05,7.5750e-05,5.0561e-05,1.4078e-05,9.9420e-01,2.9061e-05
1,0,1,0,0,0,0,0,0,1,0,0,0,0,0,9,0,1,0,0,0,0,9.9837e-01,4.6705e-06,1.3530e-05,5.0268e-06,1.5727e-03,1.2666e-05,5.5990e-06,1.3247e-05
1,0,1,0,0,0,0,0,0,1,0,0,0,0,0,10,0,0,0,0,0,0,2.6314e-02,2.4017e-04,4.4060e-02,7.0783e-05,9.2713e-01,2.2275e-04,6.5329e-04,1.3065e-03
0,1,0,0,0,0,0,0,1,0,0,0,0,0,0,2,0,4,0,4,0,0,6.6253e-01,1.2948e-03,2.2350e-03,1.6526e-03,1.7968e-04,1.8281e-02,3.1199e-01,1.8308e-03
1,0,1,0,0,0,0,0,0,1,0,0,0,0,0,3,1,1,1,0,3,1,9.9531e-01,1.1461e-04,5.6374e-04,1.4041e-04,2.6597e-04,1.5509e-04,2.5390e-04,3.1924e-03
2,0,1,0,0,0,0,0,0,0,0,0,1,0,0,3,0,0,0,0,0,7,9.9546e-01,9.0304e-05,3.0358e-06,4.1554e-03,1.5255e-04,3.5337e-05,8.4243e-05,1.9509e-05
0,1,0,0,0,0,0,0,0,1,0,0,0,0,0,5,1,2,0,0,0,2,9.9362e-01,5.9031e-04,2.2987e-04,1.1055e-03,4.7492e-05,1.6455e-04,4.2080e-03,2.9883e-05
1,0,1,0,0,0,0,0,0,1,0,0,0,0,0,7,1,1,1,0,0,0,9.9925e-01,3.3011e-05,3.7573e-04,9.8302e-06,6.3674e-05,1.7615e-04,5.7414e-05,3.4213e-05
0,1,0,0,0,0,0,0,0,1,0,0,0,0,0,6,1,2,0,0,0,1,9.9815e-01,3.0526e-05,5.8372e-06,9.9718e-04,4.2473e-05,3.3725e-05,7.1104e-04,2.5779e-05
2,0,0,1,0,0,0,0,0,0,0,1,0,0,0,0,1,0,9,0,0,0,5.6609e-01,4.4024e-05,4.2814e-01,2.8312e-03,3.0518e-04,6.7190e-04,2.2115e-04,1.7033e-03
2,0,1,0,0,0,0,0,1,0,0,0,0,0,0,2,1,4,2,0,0,1,9.8658e-01,3.0486e-04,2.0044e-03,2.9378e-03,3.7890e-04,7.1754e-05,7.6711e-03,5.3450e-05
1,0,1,0,0,0,0,0,0,1,0,0,0,0,0,6,1,0,3,0,0,0,9.9941e-01,8.7655e-06,7.5295e-05,2.4121e-05,1.8987e-04,1.8914e-05,2.8833e-05,2.4631e-04
1,0,1,0,0,0,0,0,0,1,0,0,0,0,0,8,1,1,0,0,0,0,9.9961e-01,1.5424e-05,1.5208e-05,2.6719e-06,2.3324e-04,6.1702e-05,1.7774e-05,4.6032e-05
0,1,0,0,0,0,0,0,1,0,0,0,0,0,0,3,0,7,0,0,0,0,9.3168e-01,2.8058e-05,8.3470e-05,4.1076e-05,4.8806e-05,2.2536e-05,6.8049e-02,4.9085e-05
2,0,0,1,0,0,0,0,0,0,0,1,0,0,0,3,1,1,5,0,0,0,9.9878e-01,8.3194e-05,9.9665e-04,3.1222e-06,1.2186e-05,5.3684e-05,3.4577e-05,3.9738e-05
1,0,1,0,0,0,0,0,0,1,0,0,0,0,0,4,1,1,4,0,0,0,9.9985e-01,6.1956e-05,3.9117e-05,3.9678e-06,2.0322e-06,1.3320e-05,6.0229e-06,2.7062e-05
1,0,1,0,0,0,0,0,0,1,0,0,0,0,0,7,0,3,0,0,0,0,9.9943e-01,1.8877e-06,2.6839e-05,9.5370e-06,5.1005e-05,8.7992e-06,4.6027e-04,1.1146e-05
0,1,0,0,0,0,0,0,1,0,0,0,0,0,0,0,0,10,0,0,0,0,2.6113e-01,1.8921e-04,3.2268e-04,1.3765e-03,2.9127e-04,1.7548e-04,7.3633e-01,1.8292e-04
1,0,1,0,0,0,0,0,0,1,0,0,0,0,0,4,1,1,4,0,0,0,9.8415e-01,4.0125e-05,1.5046e-02,6.3672e-06,2.9713e-05,5.7559e-04,2.4241e-05,1.2517e-04
2,0,0,1,0,0,0,0,0,0,1,0,0,0,0,2,5,1,2,0,0,0,1.9829e-04,9.9936e-01,3.5246e-04,4.4222e-06,5.2582e-06,2.3086e-05,2.0390e-05,3.6823e-05
2,0,1,0,0,0,0,0,0,0,0,0,1,0,0,3,1,0,0,1,0,5,9.9848e-01,1.4491e-05,1.7173e-04,2.6632e-04,6.2380e-04,2.7993e-04,7.4855e-05,9.0299e-05
0,1,0,0,0,0,0,0,1,0,0,0,0,0,0,2,0,8,0,0,0,0,1.9043e-02,3.0498e-04,2.6015e-04,6.6587e-04,1.4569e-01,1.7939e-04,8.3310e-01,7.5419e-04
2,0,0,0,0,1,0,0,0,0,0,0,1,0,0,2,0,2,0,0,0,6,9.4722e-01,3.1236e-05,1.3835e-04,4.8610e-02,7.9264e-04,1.0522e-03,1.8855e-03,2.7499e-04
1,0,1,0,0,0,0,0,0,1,0,0,0,0,0,8,0,1,0,0,0,1,9.3958e-01,5.5667e-05,3.2936e-04,1.5878e-03,2.6545e-02,2.3247e-03,2.4323e-02,5.2580e-03
2,0,0,0,1,0,0,0,0,0,0,1,0,0,0,2,1,0,7,0,0,0,9.9431e-01,6.9211e-05,1.8640e-03,3.8687e-04,6.8336e-04,2.8458e-04,1.3345e-03,1.0647e-03
2,0,1,0,0,0,0,0,1,0,0,0,0,0,0,3,0,7,0,0,0,0,5.7779e-01,1.2505e-03,3.1261e-04,1.0589e-03,1.8928e-02,8.4895e-04,3.9512e-01,4.6930e-03
0,1,0,0,0,0,0,0,1,0,0,0,0,0,0,0,0,10,0,0,0,0,7.7836e-04,1.2384e-05,9.4669e-06,2.7154e-05,3.7076e-05,3.5222e-05,9.9908e-01,2.3684e-05
2,0,0,1,0,0,0,0,0,0,0,1,0,0,0,2,1,0,7,0,0,0,6.6415e-01,1.6854e-04,3.3474e-01,2.3621e-05,1.8440e-04,1.3684e-04,4.9670e-05,5.4837e-04
2,0,1,0,0,0,0,0,0,0,0,0,1,0,0,3,0,0,0,0,0,7,9.9250e-01,8.4756e-04,4.7910e-05,1.2614e-03,1.8951e-03,1.1639e-03,9.0098e-04,1.3795e-03
1,0,1,0,0,0,0,0,0,1,0,0,0,0,0,5,1,0,2,0,0,2,9.6524e-01,4.2255e-04,9.2626e-03,1.3238e-02,5.6153e-03,6.8324e-04,4.6741e-03,8.6480e-04
1,0,1,0,0,0,0,0,0,1,0,0,0,0,0,5,1,4,0,0,0,0,9.9992e-01,3.5027e-06,7.7375e-06,4.6625e-06,1.8991e-06,1.9063e-06,5.2377e-05,9.2162e-06
1,0,1,0,0,0,0,0,0,1,0,0,0,0,0,9,0,1,0,0,0,0,9.9939e-01,2.9660e-06,2.4355e-06,5.3247e-07,5.8887e-04,4.5705e-06,1.2345e-06,7.6102e-06
4,0,0,0,0,1,0,0,0,0,0,0,1,0,0,0,0,0,0,0,0,10,9.7672e-01,1.0141e-04,1.6333e-04,1.8074e-02,1.1264e-04,5.4835e-05,4.4544e-03,3.2048e-04
1,0,1,0,0,0,0,0,0,1,0,0,0,0,0,10,0,0,0,0,0,0,9.9972e-01,6.6830e-06,7.5344e-06,7.0727e-07,2.0219e-04,3.5978e-05,5.7496e-06,1.8457e-05
1,0,1,0,0,0,0,0,0,1,0,0,0,0,0,10,0,0,0,0,0,0,9.9957e-01,3.3501e-06,3.1971e-06,9.7790e-06,3.0813e-04,7.9310e-05,4.8839e-06,1.8454e-05
1,0,1,0,0,0,0,0,0,1,0,0,0,0,0,9,0,1,0,0,0,0,9.8110e-01,1.9202e-04,1.7468e-04,1.5990e-04,1.7337e-02,1.8666e-04,4.6337e-04,3.9048e-04
1,0,1,0,0,0,0,0,0,1,0,0,0,0,0,9,0,1,0,0,0,0,9.9991e-01,1.0666e-05,3.0922e-06,1.0144e-05,4.5220e-05,9.5647e-06,2.4693e-06,1.3479e-05
1,0,1,0,0,0,0,0,0,1,0,0,0,0,0,8,0,1,0,0,0,1,0.8383,0.0010,0.0073,0.1170,0.0098,0.0189,0.0033,0.0044
4,0,1,0,0,0,0,0,0,1,0,0,0,0,0,9,1,0,0,0,0,0,9.9961e-01,4.4572e-05,7.8969e-05,7.8651e-06,1.9132e-04,9.5629e-06,9.9607e-07,5.2307e-05
0,1,0,0,0,0,0,0,1,0,0,0,0,0,0,4,0,6,0,0,0,0,9.9518e-01,2.0768e-06,1.7354e-05,1.4371e-05,2.1838e-04,2.8770e-05,4.4926e-03,4.4029e-05
4,0,0,0,0,1,0,0,0,0,0,0,1,0,0,0,0,2,0,0,0,8,6.6657e-01,5.8663e-04,2.2462e-05,2.1991e-01,1.7129e-04,2.3636e-04,1.1207e-01,4.3259e-04
2,0,0,1,0,0,0,0,0,0,0,1,0,0,0,2,1,0,6,0,0,1,9.8066e-01,2.7850e-03,1.6686e-03,1.3529e-02,5.1325e-04,1.7801e-04,4.2095e-04,2.4175e-04
2,0,0,1,0,0,0,0,0,1,0,0,0,0,0,4,1,1,4,0,0,0,9.9987e-01,1.5566e-05,9.1301e-05,3.6119e-06,2.2768e-06,1.2927e-05,1.6511e-06,3.8387e-06
1,0,1,0,0,0,0,0,0,0,0,0,0,1,0,1,0,0,0,0,9,0,6.0909e-02,1.4407e-04,1.3383e-04,2.6242e-04,1.4906e-01,4.1029e-04,3.5700e-04,7.8872e-01
6,0,1,0,0,0,0,0,0,0,0,1,0,0,0,2,1,0,7,0,0,0,3.8305e-01,2.0700e-04,3.6039e-02,1.7242e-04,7.8618e-04,8.2164e-04,9.4009e-05,5.7883e-01
1,0,1,0,0,0,0,0,0,1,0,0,0,0,0,7,1,1,1,0,0,0,9.9990e-01,4.7473e-06,2.9068e-05,4.7261e-07,3.6061e-05,5.9351e-06,1.5924e-05,8.4613e-06
1,1,0,0,0,0,0,0,0,0,0,0,1,0,0,0,0,4,0,0,0,6,1.3618e-02,5.1249e-05,1.5317e-05,1.8294e-04,5.8377e-05,1.5770e-05,9.8603e-01,2.7692e-05
1,0,1,0,0,0,0,0,0,1,0,0,0,0,0,8,1,1,0,0,0,0,9.6493e-01,4.0214e-05,1.7572e-04,1.5815e-05,3.1791e-02,3.1188e-04,2.6989e-03,3.6269e-05
1,0,1,0,0,0,0,0,0,1,0,0,0,0,0,6,0,2,0,1,1,0,8.6579e-01,7.6915e-05,1.6669e-04,7.2366e-05,1.1889e-01,5.8283e-04,1.3370e-02,1.0522e-03
1,0,1,0,0,0,0,0,0,1,0,0,0,0,0,10,0,0,0,0,0,0,5.4114e-02,4.9362e-05,3.7366e-04,1.1404e-05,9.4525e-01,5.7365e-05,8.1053e-05,6.3512e-05
1,0,1,0,0,0,0,0,0,1,0,0,0,0,0,10,0,0,0,0,0,0,9.9877e-01,9.5194e-06,4.7404e-06,2.4677e-06,1.1300e-03,2.1790e-05,1.5237e-05,4.9962e-05
1,0,1,0,0,0,0,0,0,1,0,0,0,0,0,9,0,1,0,0,0,0,6.7636e-01,2.0106e-05,1.2130e-04,1.4254e-04,8.0208e-04,1.1400e-04,3.2239e-01,5.2435e-05
0,1,0,0,0,0,0,0,0,1,0,0,0,0,0,6,0,4,0,0,0,0,7.6899e-01,3.3811e-03,5.4030e-04,5.5711e-04,1.0908e-01,1.6409e-03,1.1527e-01,5.3233e-04
5,0,0,0,0,0,1,0,0,0,0,0,0,1,0,2,0,0,0,0,8,0,5.9813e-01,2.6285e-04,3.1939e-03,6.6043e-05,3.6205e-04,1.9799e-03,4.3184e-05,3.9596e-01
0,1,0,0,0,0,0,0,1,0,0,0,0,0,0,4,0,6,0,0,0,0,9.9128e-01,1.9319e-05,2.4110e-05,3.4029e-03,8.2622e-04,5.6020e-05,4.3718e-03,1.4973e-05
1,0,1,0,0,0,0,0,0,1,0,0,0,0,0,10,0,0,0,0,0,0,5.6634e-01,8.6775e-06,3.0271e-05,5.1764e-05,4.3335e-01,5.9948e-05,5.2547e-05,1.0626e-04
1,0,1,0,0,0,0,0,0,1,0,0,0,0,0,5,1,3,1,0,0,0,1.5269e-01,1.7530e-05,4.0427e-04,4.6932e-06,8.4626e-01,3.0949e-05,5.1181e-04,8.0870e-05
1,0,1,0,0,0,0,0,0,1,0,0,0,0,0,8,0,0,0,2,0,0,9.9739e-01,3.8380e-05,3.0364e-04,5.9183e-05,1.6043e-03,4.2033e-04,1.3543e-05,1.6794e-04
2,0,0,1,0,0,0,0,0,0,0,1,0,0,0,3,1,0,6,0,0,0,9.9583e-01,1.4263e-05,3.9131e-03,2.1466e-06,1.4921e-05,4.2661e-05,8.1085e-06,1.7244e-04
1,0,1,0,0,0,0,0,0,1,0,0,0,0,0,6,1,0,3,0,0,0,9.9996e-01,2.1211e-06,7.3753e-06,1.1173e-06,1.4282e-05,5.4406e-06,2.7270e-07,7.3032e-06
2,0,0,1,0,0,0,0,0,1,0,0,0,0,0,6,1,0,3,0,0,0,9.9503e-01,2.1360e-05,4.8547e-03,1.1831e-05,3.2176e-06,5.5909e-05,3.3401e-06,1.5623e-05
2,0,0,1,0,0,0,0,0,0,0,1,0,0,0,0,1,0,9,0,0,0,9.9945e-01,3.7686e-05,3.2490e-04,2.1399e-05,9.8312e-05,4.3882e-05,5.9862e-06,1.5626e-05
1,0,0,0,0,1,0,0,0,0,0,0,1,0,0,0,0,4,0,0,0,6,9.9824e-01,1.1022e-05,1.5745e-05,8.1478e-04,3.0796e-04,6.8967e-05,5.3414e-04,5.5948e-06
2,0,1,0,0,0,0,0,0,1,0,0,0,0,0,10,0,0,0,0,0,0,9.9928e-01,2.0221e-05,5.0567e-05,2.1582e-04,2.3671e-04,1.7126e-04,2.0330e-05,2.6578e-06
2,0,1,0,0,0,0,0,0,1,0,0,0,0,0,7,1,0,2,0,0,0,9.9976e-01,1.2630e-05,1.2948e-04,1.1521e-06,6.3012e-05,2.8064e-05,2.3500e-06,2.6358e-06
4,0,0,0,0,1,0,0,0,0,0,0,1,0,0,0,0,0,0,0,0,10,9.9983e-01,3.2812e-06,1.5958e-05,4.7444e-05,6.4938e-06,2.3667e-05,6.6334e-05,7.6978e-06
4,0,0,0,0,1,0,0,0,0,0,0,1,0,0,0,0,0,0,0,0,10,9.9730e-01,5.2803e-06,4.7711e-06,1.3080e-03,9.0723e-05,1.1349e-04,1.1674e-03,1.3719e-05
1,0,1,0,0,0,0,0,0,1,0,0,0,0,0,10,0,0,0,0,0,0,9.9867e-01,1.5564e-05,6.7854e-05,4.2282e-06,1.2048e-03,9.6766e-06,2.8900e-06,2.9182e-05
7,0,0,0,0,1,0,0,0,0,0,0,1,0,0,0,0,0,0,0,0,10,9.9981e-01,1.6939e-05,3.1822e-06,3.6489e-05,2.0748e-06,1.1108e-04,8.1988e-06,1.2252e-05
0,1,0,0,0,0,0,0,1,0,0,0,0,0,0,0,0,10,0,0,0,0,9.9921e-01,2.5919e-05,9.5160e-05,4.0164e-05,6.8490e-06,1.6959e-04,3.9557e-04,5.9408e-05
1,0,0,0,0,1,0,0,0,0,0,0,1,0,0,0,0,0,0,0,0,10,9.9862e-01,4.0668e-05,5.7718e-06,1.2347e-04,7.1477e-05,3.3352e-04,4.6361e-04,3.3823e-04
1,0,1,0,0,0,0,0,0,1,0,0,0,0,0,10,0,0,0,0,0,0,9.9962e-01,4.8703e-06,1.2938e-06,1.5886e-06,3.4229e-04,1.6787e-05,1.6428e-06,8.8042e-06
2,0,0,1,0,0,0,0,0,0,0,1,0,0,0,1,1,1,7,0,0,0,9.9975e-01,2.0248e-05,7.2262e-05,7.5489e-06,3.0031e-06,8.5468e-05,4.0477e-05,2.4602e-05
1,0,1,0,0,0,0,0,0,1,0,0,0,0,0,10,0,0,0,0,0,0,9.9950e-01,1.6158e-05,4.6356e-06,2.4094e-06,4.1880e-04,3.9329e-05,3.7800e-06,1.8643e-05
2,0,1,0,0,0,0,0,0,0,0,1,0,0,0,3,1,0,5,0,1,0,9.9993e-01,8.8928e-06,2.3044e-05,2.3369e-06,2.4180e-06,1.0210e-05,2.9166e-06,1.8396e-05
4,0,0,0,0,1,0,0,0,1,0,0,0,0,0,7,0,0,0,0,0,3,9.9969e-01,1.5046e-05,9.1249e-07,1.1414e-04,1.6432e-04,1.0080e-05,3.7435e-06,3.7882e-06
3,0,0,0,1,0,0,0,0,0,0,1,0,0,0,0,0,0,10,0,0,0,9.9732e-01,1.4390e-05,7.0362e-04,1.3369e-06,1.9183e-03,1.5504e-05,6.5242e-06,2.1213e-05
3,0,0,0,1,0,0,0,0,0,0,1,0,0,0,0,0,0,10,0,0,0,9.9916e-01,1.0263e-05,2.1366e-04,2.8897e-06,4.2023e-04,5.1547e-05,5.1668e-06,1.3654e-04
2,0,0,1,0,0,0,0,0,0,0,1,0,0,0,0,4,0,6,0,0,0,9.9854e-01,5.3545e-04,6.3505e-04,2.5496e-06,1.9302e-05,3.4258e-05,1.6808e-05,2.1177e-04
1,0,1,0,0,0,0,0,1,0,0,0,0,0,0,3,0,5,0,0,0,2,9.9992e-01,1.2177e-06,2.0313e-05,7.8221e-06,3.2610e-06,7.2256e-06,3.6519e-05,4.3475e-06
3,0,0,0,1,0,0,0,0,0,0,1,0,0,0,0,0,0,10,0,0,0,9.9895e-01,3.3313e-04,5.6603e-04,5.4411e-06,4.1919e-06,4.4451e-05,1.0943e-05,8.5547e-05
1,0,1,0,0,0,0,0,0,1,0,0,0,0,0,6,0,4,0,0,0,0,9.9985e-01,8.0265e-06,2.1572e-06,1.6158e-06,5.0717e-05,2.3074e-05,5.7650e-05,9.8125e-06
2,0,0,1,0,0,0,0,0,0,1,0,0,0,0,0,10,0,0,0,0,0,9.9503e-01,1.7036e-03,1.4756e-04,2.0058e-05,5.0843e-04,9.2950e-04,5.5305e-05,1.6051e-03
1,0,1,0,0,0,0,0,0,1,0,0,0,0,0,9,0,1,0,0,0,0,9.9963e-01,6.1704e-06,1.0149e-05,1.2561e-05,2.9346e-05,2.8740e-04,2.1981e-06,2.4284e-05
0,1,0,0,0,0,0,0,1,0,0,0,0,0,0,0,0,9,0,0,0,1,9.9995e-01,9.6890e-06,1.5290e-06,2.4358e-05,3.0097e-06,8.8037e-06,6.1938e-06,1.3422e-06
1,0,1,0,0,0,0,0,0,0,0,1,0,0,0,3,1,0,6,0,0,0,9.9994e-01,2.3867e-05,2.4718e-05,3.6456e-07,4.6562e-06,4.1375e-06,1.0367e-06,6.1929e-06
6,0,0,0,0,0,0,1,0,0,0,0,0,0,1,0,0,0,5,5,0,0,9.9196e-01,2.9916e-04,1.5712e-03,1.2850e-04,2.3508e-04,4.9734e-03,8.8616e-05,7.3991e-04
2,0,0,0,0,1,0,0,0,0,0,0,1,0,0,4,1,1,0,0,0,4,9.9979e-01,1.0282e-05,2.4926e-05,4.7011e-05,6.6834e-06,8.7129e-05,1.4078e-05,2.3679e-05
3,0,0,0,0,1,0,0,0,0,0,0,1,0,0,0,3,0,0,0,0,7,9.9812e-01,4.6767e-04,7.5072e-04,2.3381e-04,3.1742e-05,3.7214e-04,1.3430e-05,6.2116e-06
1,0,1,0,0,0,0,0,0,1,0,0,0,0,0,9,0,1,0,0,0,0,9.9927e-01,9.6603e-06,9.9063e-06,2.4273e-04,4.0262e-04,1.9843e-05,2.0910e-05,2.4259e-05
1,0,1,0,0,0,0,0,0,1,0,0,0,0,0,8,0,2,0,0,0,0,9.9940e-01,4.8208e-06,3.3009e-06,5.9086e-06,5.2637e-04,1.9661e-05,6.4876e-06,3.6638e-05
1,0,1,0,0,0,0,0,0,1,0,0,0,0,0,5,0,0,1,4,0,0,9.9857e-01,3.7407e-05,3.0016e-04,8.7134e-06,2.9610e-04,6.9399e-04,8.3386e-06,8.0511e-05
1,0,1,0,0,0,0,0,0,1,0,0,0,0,0,10,0,0,0,0,0,0,9.9672e-01,1.0424e-05,4.5654e-06,1.6179e-04,2.9994e-03,2.6029e-05,1.8534e-05,5.5375e-05
1,0,1,0,0,0,0,0,0,1,0,0,0,0,0,6,1,3,0,0,0,0,9.9990e-01,8.9429e-06,8.8444e-06,9.7105e-06,1.0517e-05,7.2675e-06,4.7449e-05,8.1379e-06
1,0,1,0,0,0,0,0,0,1,0,0,0,0,0,9,0,1,0,0,0,0,9.9961e-01,9.0463e-06,2.1693e-06,2.7034e-05,3.2086e-04,1.4833e-05,9.1159e-06,3.8942e-06
3,0,0,0,1,0,0,0,0,0,0,1,0,0,0,1,2,0,7,0,0,0,9.9940e-01,1.0720e-04,5.2284e-05,3.9807e-04,3.0564e-05,7.5335e-06,1.1549e-06,5.4347e-06
0,1,0,0,0,0,0,0,1,0,0,0,0,0,0,0,0,10,0,0,0,0,9.9505e-01,1.6134e-05,1.6202e-05,7.1446e-06,1.9685e-03,2.5429e-05,2.7879e-03,1.2892e-04
1,1,0,0,0,0,0,0,0,1,0,0,0,0,0,6,1,3,0,0,0,0,9.9820e-01,5.3590e-05,5.5459e-05,1.0724e-05,1.0226e-04,5.8555e-05,1.4930e-03,2.6208e-05
1,0,1,0,0,0,0,0,0,0,0,0,0,1,0,2,3,0,0,0,5,0,9.9471e-01,3.0546e-04,3.5303e-04,5.7692e-04,1.4550e-03,4.9613e-04,1.6330e-03,4.7262e-04
1,0,1,0,0,0,0,0,0,1,0,0,0,0,0,9,0,1,0,0,0,0,9.9945e-01,5.6248e-06,8.7121e-06,2.2819e-06,5.1239e-04,1.6877e-05,1.7436e-06,5.5198e-06
1,0,1,0,0,0,0,0,0,1,0,0,0,0,0,10,0,0,0,0,0,0,9.9810e-01,4.5132e-06,3.1302e-06,3.0670e-06,1.6918e-03,2.2818e-05,1.2286e-05,1.6221e-04
1,0,1,0,0,0,0,0,0,1,0,0,0,0,0,5,0,1,0,0,0,4,9.9995e-01,3.1591e-06,3.2428e-06,1.6791e-05,1.0641e-05,5.7711e-06,2.9729e-06,9.2242e-06
1,0,1,0,0,0,0,0,0,1,0,0,0,0,0,7,1,1,1,0,0,0,9.9990e-01,3.8635e-06,7.1875e-06,1.4835e-05,2.3657e-05,3.1490e-05,8.5566e-06,9.2993e-06
1,0,1,0,0,0,0,0,0,1,0,0,0,0,0,6,1,1,2,0,0,0,9.9998e-01,2.6718e-06,2.9553e-06,2.4916e-07,7.2882e-06,1.5832e-06,4.1749e-07,2.6238e-06
1,0,1,0,0,0,0,0,0,1,0,0,0,0,0,6,0,0,4,0,0,0,9.9307e-01,3.9456e-04,2.4844e-03,8.0049e-05,2.3945e-03,9.1510e-05,4.1623e-04,1.0718e-03
1,0,1,0,0,0,0,0,0,1,0,0,0,0,0,9,0,1,0,0,0,0,9.9995e-01,3.2350e-06,1.3753e-06,1.2986e-05,2.4683e-05,1.8626e-06,1.1815e-06,2.5309e-06
1,0,1,0,0,0,0,0,0,1,0,0,0,0,0,10,0,0,0,0,0,0,9.9903e-01,1.0915e-05,1.0554e-04,1.3721e-05,3.4307e-04,7.5643e-05,5.5367e-06,4.1432e-04
1,0,1,0,0,0,0,0,0,1,0,0,0,0,0,10,0,0,0,0,0,0,9.9993e-01,3.9914e-06,1.4086e-05,3.4487e-06,2.9101e-05,8.9745e-06,2.0761e-06,1.1359e-05
1,0,1,0,0,0,0,0,0,1,0,0,0,0,0,10,0,0,0,0,0,0,9.9971e-01,9.7513e-06,2.7624e-05,3.9377e-06,2.2126e-04,4.3314e-06,9.6299e-06,1.3676e-05
2,0,1,0,0,0,0,0,0,0,0,1,0,0,0,4,1,0,5,0,0,0,9.9980e-01,7.1698e-05,5.7644e-05,6.1570e-06,4.5612e-05,4.1980e-06,1.8520e-06,1.2032e-05
1,0,1,0,0,0,0,0,0,1,0,0,0,0,0,9,1,0,0,0,0,0,9.9996e-01,2.0193e-06,8.3629e-06,3.6295e-06,7.2810e-06,1.3440e-06,5.6991e-06,8.3027e-06
2,0,0,1,0,0,0,0,0,0,0,1,0,0,0,3,1,0,6,0,0,0,9.9979e-01,1.8962e-05,1.2821e-04,2.2718e-06,1.1461e-05,2.0005e-05,3.2145e-06,2.1130e-05
1,0,1,0,0,0,0,0,0,1,0,0,0,0,0,8,1,1,0,0,0,0,9.9983e-01,8.3476e-06,5.3193e-06,6.6156e-06,4.6635e-05,8.8068e-05,5.4394e-06,6.7898e-06
1,0,1,0,0,0,0,0,0,1,0,0,0,0,0,8,1,0,1,0,0,0,9.9981e-01,2.7178e-05,4.4678e-05,2.9082e-06,1.0796e-04,5.8973e-06,5.2311e-07,4.0969e-06
1,0,1,0,0,0,0,0,0,1,0,0,0,0,0,9,1,0,0,0,0,0,9.9984e-01,2.1487e-05,3.8990e-05,2.8665e-06,5.9712e-05,2.1495e-05,1.0186e-06,1.2735e-05
1,0,1,0,0,0,0,0,0,1,0,0,0,0,0,9,0,1,0,0,0,0,9.9857e-01,5.6215e-06,1.8755e-05,2.4990e-05,9.9163e-04,6.6502e-05,3.1619e-04,3.4551e-06
1,0,1,0,0,0,0,0,0,1,0,0,0,0,0,9,0,0,1,0,0,0,9.9926e-01,6.6231e-06,3.7845e-04,2.1703e-06,2.4769e-04,3.9701e-05,5.4601e-05,8.8287e-06
6,0,0,0,0,0,0,1,0,0,0,0,0,0,1,0,0,0,0,10,0,0,9.9866e-01,1.0664e-04,4.6499e-06,1.1578e-05,1.0040e-05,1.1290e-03,3.0557e-05,4.9350e-05
7,1,0,0,0,0,0,0,1,0,0,0,0,0,0,3,0,7,0,0,0,0,9.9951e-01,1.2137e-04,8.1112e-07,2.7316e-05,1.0204e-04,1.3804e-04,6.1046e-05,3.8845e-05
1,0,1,0,0,0,0,0,0,1,0,0,0,0,0,10,0,0,0,0,0,0,9.9936e-01,2.0526e-06,4.1688e-06,2.0420e-05,5.6638e-04,3.8469e-05,1.8720e-06,1.1348e-05
1,0,1,0,0,0,0,0,0,1,0,0,0,0,0,7,1,0,1,0,0,1,9.9998e-01,6.6827e-06,4.6697e-06,4.8755e-06,1.2314e-06,2.0490e-06,3.1181e-07,2.7314e-06
1,0,1,0,0,0,0,0,0,1,0,0,0,0,0,10,0,0,0,0,0,0,9.9994e-01,2.4748e-06,9.2489e-07,2.6239e-05,1.8547e-05,3.4921e-06,9.4557e-07,3.1072e-06
2,0,0,0,0,1,0,0,0,0,0,0,1,0,0,2,0,0,0,0,0,8,9.9924e-01,5.9809e-06,3.5824e-06,5.3071e-04,2.0316e-04,8.5466e-06,8.9608e-06,3.9643e-06
1,0,1,0,0,0,0,0,0,1,0,0,0,0,0,10,0,0,0,0,0,0,9.9963e-01,8.3710e-06,2.5853e-06,7.4392e-06,3.0192e-04,2.0459e-05,2.5099e-06,2.2317e-05
1,0,1,0,0,0,0,0,0,1,0,0,0,0,0,9,0,1,0,0,0,0,9.9976e-01,6.7707e-06,2.3753e-06,1.2592e-05,1.7263e-04,1.5769e-05,3.5776e-06,2.1880e-05
1,0,1,0,0,0,0,0,0,1,0,0,0,0,0,5,0,0,3,2,0,0,9.9989e-01,1.6479e-06,1.1013e-05,1.9201e-05,1.2950e-05,5.3225e-05,4.0060e-07,9.2236e-06
1,0,1,0,0,0,0,0,0,1,0,0,0,0,0,5,1,0,4,0,0,0,9.9870e-01,6.4728e-06,1.0691e-03,1.1165e-05,1.8592e-04,9.6319e-06,2.5944e-06,1.7664e-05
0,1,0,0,0,0,0,0,1,0,0,0,0,0,0,0,0,10,0,0,0,0,9.9954e-01,2.5009e-06,3.9295e-06,4.2510e-06,5.7148e-05,4.3034e-06,3.8534e-04,5.1706e-06
2,0,0,1,0,0,0,0,0,0,0,1,0,0,0,4,1,0,5,0,0,0,9.9980e-01,5.6256e-05,9.5706e-05,1.4765e-05,7.2760e-06,1.1307e-05,6.8122e-06,3.6232e-06
2,0,0,1,0,0,0,0,0,0,0,1,0,0,0,1,1,0,8,0,0,0,9.9984e-01,8.7400e-06,1.2286e-04,4.1310e-07,6.5655e-06,7.7523e-06,1.2848e-06,1.3728e-05
1,0,1,0,0,0,0,0,0,1,0,0,0,0,0,10,0,0,0,0,0,0,9.9992e-01,4.5240e-06,3.1049e-05,8.5316e-06,3.1236e-06,5.0848e-06,1.9028e-05,9.3586e-06
1,0,1,0,0,0,0,0,0,1,0,0,0,0,0,10,0,0,0,0,0,0,9.9885e-01,5.0300e-05,1.5864e-05,2.5244e-06,6.1726e-04,2.5525e-05,1.4015e-05,4.2762e-04
1,0,1,0,0,0,0,0,0,1,0,0,0,0,0,9,0,1,0,0,0,0,9.9992e-01,3.5903e-06,2.4300e-06,3.3619e-07,5.3610e-05,5.5913e-06,7.7343e-06,2.5511e-06
2,0,0,1,0,0,0,0,0,0,0,1,0,0,0,0,1,0,9,0,0,0,9.9984e-01,7.7908e-05,3.6593e-05,3.3749e-06,6.9176e-06,7.2226e-06,1.2696e-05,1.2850e-05
3,0,0,0,1,0,0,0,0,0,0,1,0,0,0,0,0,0,10,0,0,0,9.9915e-01,1.0917e-04,6.3354e-04,1.3129e-05,3.3868e-07,6.2895e-05,2.6666e-05,6.9812e-06
1,0,1,0,0,0,0,0,0,1,0,0,0,0,0,8,0,0,0,0,0,2,9.9855e-01,3.2754e-05,9.8024e-06,3.7781e-04,9.2019e-04,5.0764e-05,3.6611e-05,2.1623e-05
1,0,1,0,0,0,0,0,0,1,0,0,0,0,0,4,1,1,0,0,0,4,9.9977e-01,2.5205e-05,5.3602e-06,1.6578e-04,5.7640e-06,9.5666e-06,1.1557e-05,5.3508e-06
1,0,1,0,0,0,0,0,0,0,0,1,0,0,0,1,1,0,8,0,0,0,9.9981e-01,8.3153e-06,1.5144e-04,1.2186e-07,7.0658e-06,5.8500e-06,5.8826e-06,1.4572e-05
5,0,0,0,0,0,1,0,0,0,0,0,0,1,0,3,0,0,0,0,7,0,9.9945e-01,2.3941e-05,6.3798e-05,6.3666e-07,1.0206e-04,1.5531e-05,3.4945e-05,3.0663e-04
1,0,1,0,0,0,0,0,0,1,0,0,0,0,0,10,0,0,0,0,0,0,9.9985e-01,1.0864e-06,1.4646e-06,2.1635e-06,1.2455e-04,1.6407e-05,1.4536e-06,5.4554e-06
1,0,1,0,0,0,0,0,0,1,0,0,0,0,0,9,1,0,0,0,0,0,9.9991e-01,1.1912e-05,2.4487e-05,3.9162e-06,3.5444e-05,6.8554e-06,3.4931e-06,2.1572e-06
2,0,0,0,0,1,0,0,0,0,0,0,1,0,0,2,0,0,0,0,0,8,9.9915e-01,2.7487e-05,9.8963e-06,5.6592e-04,3.7514e-05,4.9052e-05,1.2261e-04,4.1335e-05
1,0,1,0,0,0,0,0,0,1,0,0,0,0,0,8,1,1,0,0,0,0,9.9936e-01,1.9899e-05,6.8243e-06,4.4637e-05,5.2220e-04,7.7424e-06,1.4020e-05,2.2133e-05
1,0,1,0,0,0,0,0,0,1,0,0,0,0,0,8,1,1,0,0,0,0,9.9992e-01,1.6031e-05,4.5207e-06,6.0482e-06,1.6900e-05,2.3061e-05,6.7549e-06,7.6108e-06
0,1,0,0,0,0,0,0,1,0,0,0,0,0,0,0,0,10,0,0,0,0,9.9984e-01,8.8851e-07,9.2895e-07,4.2012e-05,3.6294e-05,3.6943e-06,6.9921e-05,5.8948e-06
1,0,1,0,0,0,0,0,0,1,0,0,0,0,0,6,0,3,0,0,0,1,9.9969e-01,7.8076e-06,2.6945e-06,3.7189e-06,1.2896e-04,1.3352e-06,1.4335e-04,1.9282e-05
1,0,0,0,1,0,0,0,0,0,0,1,0,0,0,0,0,0,10,0,0,0,9.9611e-01,5.9241e-04,3.5067e-04,2.2864e-03,9.8210e-06,9.6363e-05,4.8906e-04,6.7507e-05
1,0,1,0,0,0,0,0,0,0,1,0,0,0,0,1,5,4,0,0,0,0,9.9990e-01,4.4755e-05,6.9714e-06,3.7003e-07,2.0991e-06,2.5049e-05,1.5768e-05,4.9655e-06
1,0,1,0,0,0,0,0,0,1,0,0,0,0,0,10,0,0,0,0,0,0,9.9970e-01,5.8975e-05,6.3728e-05,1.6520e-06,1.4725e-04,2.1315e-05,2.9138e-06,5.9153e-06
2,0,0,1,0,0,0,0,0,0,0,1,0,0,0,0,1,0,9,0,0,0,9.9939e-01,9.8241e-05,2.0998e-04,1.5012e-06,2.1197e-04,5.5032e-05,1.0277e-05,2.0478e-05
1,0,1,0,0,0,0,0,0,1,0,0,0,0,0,6,0,3,1,0,0,0,9.9966e-01,5.9527e-06,4.0645e-05,4.4110e-07,5.3918e-05,5.5714e-06,2.2945e-04,6.7255e-06
2,0,0,1,0,0,0,0,1,0,0,0,0,0,0,2,1,4,3,0,0,0,9.9984e-01,3.5971e-05,3.9221e-06,5.1110e-06,3.9765e-06,2.5198e-06,9.4447e-05,1.0666e-05
4,0,0,0,0,1,0,0,0,0,0,0,1,0,0,0,0,0,0,0,0,10,9.9566e-01,4.5672e-04,2.4883e-05,3.5547e-03,6.8249e-05,1.6123e-04,2.4585e-05,4.9630e-05
1,0,1,0,0,0,0,0,0,1,0,0,0,0,0,7,2,1,0,0,0,0,9.9996e-01,1.3977e-05,1.8931e-06,9.2376e-06,3.3065e-06,2.1842e-06,4.1685e-06,4.2033e-06
1,0,1,0,0,0,0,0,0,1,0,0,0,0,0,10,0,0,0,0,0,0,9.9997e-01,5.5808e-07,6.3548e-07,1.0044e-05,5.5556e-06,6.0138e-06,1.1688e-05,3.2603e-07
1,0,1,0,0,0,0,0,0,1,0,0,0,0,0,10,0,0,0,0,0,0,9.9935e-01,4.9121e-06,1.2245e-05,4.0896e-05,5.2095e-04,3.2313e-05,1.0611e-06,3.3468e-05
1,0,1,0,0,0,0,0,0,1,0,0,0,0,0,10,0,0,0,0,0,0,9.9846e-01,7.7797e-04,1.7273e-04,4.3937e-06,4.9032e-04,3.3637e-05,4.3784e-06,5.7757e-05
1,0,1,0,0,0,0,0,0,1,0,0,0,0,0,10,0,0,0,0,0,0,9.9849e-01,2.2036e-04,5.5534e-06,2.7946e-04,8.3146e-04,7.8462e-05,6.6477e-05,2.4569e-05
1,0,1,0,0,0,0,0,0,1,0,0,0,0,0,7,1,1,0,0,0,1,9.9988e-01,7.8779e-06,6.5759e-06,5.0309e-05,1.9918e-05,1.5210e-05,7.6601e-06,1.6254e-05
2,0,0,1,0,0,0,0,0,0,1,0,0,0,0,0,10,0,0,0,0,0,9.9827e-01,1.4456e-03,5.7341e-05,1.9000e-05,8.0961e-06,1.6402e-04,1.7812e-05,2.1832e-05
1,0,1,0,0,0,0,0,0,1,0,0,0,0,0,5,1,0,4,0,0,0,9.9999e-01,2.5111e-06,2.5014e-06,3.1151e-07,3.5102e-06,1.9857e-06,6.5403e-07,1.4966e-06
2,0,0,1,0,0,0,0,0,0,1,0,0,0,0,0,9,1,0,0,0,0,9.9878e-01,5.2399e-04,4.1935e-04,9.0364e-05,3.8260e-05,1.4532e-05,1.2800e-04,8.4157e-06
1,0,1,0,0,0,0,0,0,1,0,0,0,0,0,10,0,0,0,0,0,0,9.9957e-01,1.4710e-06,2.3035e-06,7.2195e-05,3.3760e-04,1.0768e-05,1.5464e-06,4.6871e-06
1,0,1,0,0,0,0,0,0,1,0,0,0,0,0,10,0,0,0,0,0,0,9.9993e-01,4.5637e-06,1.3994e-05,9.4930e-07,4.0197e-05,9.0330e-06,1.4138e-06,4.6658e-06
3,0,0,0,1,0,0,0,0,0,0,1,0,0,0,0,1,0,9,0,0,0,9.9913e-01,7.3217e-06,7.6754e-04,8.8892e-07,7.6441e-05,8.2466e-06,2.7634e-06,1.0593e-05
1,0,1,0,0,0,0,0,0,1,0,0,0,0,0,10,0,0,0,0,0,0,9.9885e-01,1.3314e-05,4.0204e-04,1.7435e-04,2.9920e-04,7.4382e-05,1.6946e-04,1.8051e-05
1,0,1,0,0,0,0,0,0,1,0,0,0,0,0,8,0,0,0,0,0,2,9.9786e-01,1.2151e-05,2.3137e-05,1.6501e-03,3.8479e-04,3.0195e-05,1.4465e-05,2.0741e-05
2,0,0,1,0,0,0,0,0,0,0,1,0,0,0,1,1,0,5,1,0,2,9.9647e-01,3.1267e-05,2.0130e-03,8.7724e-04,1.6455e-05,4.3232e-04,1.1186e-04,5.0264e-05
2,0,0,1,0,0,0,0,0,0,0,1,0,0,0,2,1,1,6,0,0,0,9.9825e-01,1.8614e-05,9.4235e-04,1.0897e-05,5.2533e-04,1.6709e-04,6.8560e-05,1.6757e-05
2,0,0,1,0,0,0,0,0,0,0,1,0,0,0,0,1,0,9,0,0,0,9.9757e-01,1.5211e-04,1.9239e-03,1.5044e-04,2.0867e-06,1.5863e-04,1.7053e-05,2.2635e-05
3,0,0,1,0,0,0,0,1,0,0,0,0,0,0,0,3,6,1,0,0,0,9.9781e-01,1.3125e-03,8.7563e-05,1.1894e-04,2.6870e-06,2.3200e-05,6.0777e-04,3.8159e-05
0,1,0,0,0,0,0,0,1,0,0,0,0,0,0,0,0,10,0,0,0,0,9.9582e-01,5.6798e-06,1.3898e-05,1.4244e-04,7.8073e-04,5.2028e-05,3.1642e-03,2.1947e-05
4,0,0,0,0,1,0,0,0,0,0,0,1,0,0,0,0,0,0,0,0,10,9.9803e-01,7.9083e-05,3.7136e-06,1.3189e-03,1.4405e-05,2.4165e-05,4.8583e-04,3.9591e-05
1,0,1,0,0,0,0,0,0,1,0,0,0,0,0,8,1,1,0,0,0,0,9.9979e-01,7.6958e-06,1.3014e-05,1.1803e-05,6.5289e-05,2.7470e-05,2.4557e-05,6.3185e-05
1,0,1,0,0,0,0,0,0,1,0,0,0,0,0,10,0,0,0,0,0,0,9.9977e-01,3.6710e-06,1.5421e-04,3.1658e-06,2.8576e-05,3.2736e-05,1.1587e-06,2.2483e-06
2,0,0,1,0,0,0,0,0,0,0,1,0,0,0,0,1,0,9,0,0,0,9.9840e-01,5.6323e-05,1.5051e-03,1.5296e-06,4.8855e-06,1.4070e-05,1.8924e-06,1.6685e-05
4,0,1,0,0,0,0,0,0,1,0,0,0,0,0,4,1,0,4,1,0,0,9.9977e-01,1.2411e-05,2.9552e-05,1.4394e-04,2.3771e-06,3.5794e-05,1.4595e-06,2.0628e-06
1,0,1,0,0,0,0,0,0,1,0,0,0,0,0,5,0,0,0,4,0,1,9.9921e-01,1.4202e-04,1.0416e-04,9.9185e-05,1.2691e-05,4.3147e-04,9.7427e-07,4.0162e-06
0,1,0,0,0,0,0,0,0,1,0,0,0,0,0,7,1,1,0,0,0,1,9.9922e-01,1.6092e-04,1.0815e-04,4.8889e-05,3.5438e-06,3.7539e-04,7.5533e-05,4.0804e-06
1,0,1,0,0,0,0,0,0,1,0,0,0,0,0,10,0,0,0,0,0,0,9.9413e-01,8.8980e-04,6.4108e-05,1.6798e-04,3.0144e-03,1.1077e-04,3.8631e-04,1.2368e-03
1,0,1,0,0,0,0,0,0,1,0,0,0,0,0,9,1,0,0,0,0,0,9.9920e-01,3.9377e-06,3.0057e-05,2.8810e-06,6.8165e-04,2.8963e-05,3.8658e-05,1.7220e-05
0,1,0,0,0,0,0,0,1,0,0,0,0,0,0,1,0,8,1,0,0,0,9.9920e-01,1.2584e-04,1.0206e-04,1.4437e-05,4.4352e-06,1.5879e-04,3.6560e-04,2.8325e-05
1,0,1,0,0,0,0,0,0,1,0,0,0,0,0,5,1,1,3,0,0,0,9.9995e-01,1.5755e-06,3.6727e-05,1.9396e-07,2.2789e-06,1.6814e-06,4.4943e-07,2.3369e-06
1,0,1,0,0,0,0,0,0,1,0,0,0,0,0,5,1,1,3,0,0,0,9.9994e-01,2.6122e-05,1.7363e-05,6.5537e-06,8.6365e-07,1.9166e-06,3.1083e-06,1.7453e-06
2,0,0,1,0,0,0,0,0,0,1,0,0,0,0,0,6,0,3,0,0,1,9.9778e-01,1.0679e-03,2.7290e-04,8.0318e-04,9.4728e-06,1.0666e-05,3.3194e-05,2.5742e-05
1,0,1,0,0,0,0,0,0,0,0,1,0,0,0,3,1,0,6,0,0,0,9.9857e-01,2.2266e-05,1.3718e-03,7.5093e-07,2.0006e-05,6.9401e-06,4.3499e-06,5.3803e-06
2,0,0,1,0,0,0,0,0,0,0,1,0,0,0,2,1,0,7,0,0,0,9.9993e-01,2.6897e-06,3.0818e-05,2.3085e-05,3.2181e-06,3.8138e-06,5.9407e-07,1.1212e-06
4,0,0,1,0,0,0,0,0,1,0,0,0,0,0,5,3,0,2,0,0,0,9.9784e-01,1.6066e-05,1.9714e-03,3.1002e-05,1.4450e-05,5.6907e-05,9.1057e-06,6.4804e-05
1,0,1,0,0,0,0,0,0,0,1,0,0,0,0,4,6,0,0,0,0,0,9.9959e-01,3.2072e-04,3.9086e-06,2.9047e-05,4.6854e-06,4.2325e-05,1.9970e-06,6.7571e-06
1,0,1,0,0,0,0,0,0,1,0,0,0,0,0,7,3,0,0,0,0,0,9.9992e-01,6.2697e-06,1.0783e-05,3.4686e-05,1.5590e-05,2.5039e-06,4.6603e-06,1.1929e-06
2,0,0,1,0,0,0,0,0,0,0,1,0,0,0,2,3,0,5,0,0,0,9.9927e-01,2.3725e-04,4.6836e-04,5.9557e-06,7.0936e-06,3.4850e-06,5.1519e-07,4.4157e-06
3,0,0,0,1,0,0,0,0,0,0,1,0,0,0,0,1,0,9,0,0,0,9.9992e-01,3.0839e-06,5.7703e-05,2.8480e-06,9.9431e-06,8.5145e-07,4.2923e-07,3.3506e-06
4,0,0,0,0,1,0,0,0,0,0,0,1,0,0,0,0,1,0,0,0,9,9.9873e-01,5.6884e-05,9.1703e-06,5.3171e-04,6.0359e-05,7.2153e-05,5.0896e-04,2.8603e-05
1,0,1,0,0,0,0,0,0,1,0,0,0,0,0,7,1,0,2,0,0,0,9.9864e-01,2.3446e-04,2.5204e-04,1.4459e-06,8.0743e-04,2.9553e-05,1.0004e-05,2.3928e-05
1,0,1,0,0,0,0,0,0,1,0,0,0,0,0,7,1,0,2,0,0,0,9.9968e-01,2.3397e-06,2.5858e-04,8.5381e-06,2.2132e-05,1.9620e-05,2.6830e-06,5.5987e-06
1,0,1,0,0,0,0,0,0,1,0,0,0,0,0,9,0,0,1,0,0,0,9.9874e-01,5.4217e-06,2.9245e-04,1.2740e-06,9.2407e-04,1.1524e-05,2.2840e-06,2.1839e-05
1,0,1,0,0,0,0,0,0,1,0,0,0,0,0,7,1,0,0,0,0,2,9.9956e-01,3.1709e-05,9.8429e-05,8.9929e-05,4.6463e-05,1.1590e-04,2.1943e-05,3.6556e-05
1,0,1,0,0,0,0,0,0,1,0,0,0,0,0,9,0,1,0,0,0,0,9.9988e-01,6.4404e-07,1.4228e-06,6.2813e-07,7.3973e-05,4.6538e-06,3.5860e-05,2.4775e-06
2,0,0,1,0,0,0,0,0,0,0,1,0,0,0,1,1,0,8,0,0,0,9.9994e-01,7.7978e-06,4.8644e-05,4.9418e-07,1.0422e-06,1.2129e-06,1.8563e-07,1.4935e-06
1,0,1,0,0,0,0,0,0,1,0,0,0,0,0,5,1,1,0,2,1,0,9.9849e-01,7.4560e-05,5.6686e-05,2.1938e-04,2.7466e-06,3.7660e-04,6.8100e-04,9.5631e-05
1,0,1,0,0,0,0,0,0,1,0,0,0,0,0,9,0,1,0,0,0,0,9.9857e-01,2.0954e-05,1.2898e-06,7.1567e-06,1.3861e-03,5.7105e-06,2.4732e-06,2.2300e-06
1,0,1,0,0,0,0,0,0,1,0,0,0,0,0,10,0,0,0,0,0,0,9.9940e-01,1.6431e-06,2.2341e-06,1.2644e-04,4.4678e-04,1.2089e-05,5.0220e-06,4.2070e-06
1,0,1,0,0,0,0,0,0,0,0,1,0,0,0,4,1,0,5,0,0,0,9.9926e-01,3.3754e-05,5.8341e-04,2.0556e-06,3.2310e-05,4.5377e-05,7.3582e-06,3.6386e-05
1,0,1,0,0,0,0,0,0,1,0,0,0,0,0,5,1,0,4,0,0,0,9.9980e-01,9.1442e-06,2.5517e-05,4.2309e-07,5.3524e-05,9.7328e-05,2.8517e-06,1.2705e-05
1,0,1,0,0,0,0,0,0,1,0,0,0,0,0,6,1,0,3,0,0,0,9.9892e-01,1.3855e-05,2.2006e-04,7.4951e-07,8.2738e-04,5.5733e-06,5.2031e-06,6.2439e-06
1,0,1,0,0,0,0,0,0,1,0,0,0,0,0,6,1,0,2,1,0,0,9.9979e-01,4.9196e-05,1.0043e-04,9.9603e-06,1.7544e-05,2.0396e-05,1.8114e-06,7.5749e-06
1,0,1,0,0,0,0,0,0,1,0,0,0,0,0,7,1,0,2,0,0,0,9.9984e-01,5.1509e-06,4.9729e-05,1.0395e-06,7.8087e-05,8.6381e-06,1.4665e-06,1.1249e-05
1,0,1,0,0,0,0,0,0,1,0,0,0,0,0,6,0,0,0,0,4,0,9.9970e-01,1.4185e-05,1.1176e-05,6.3427e-07,1.7448e-04,4.7380e-06,1.4128e-05,8.4071e-05
1,0,1,0,0,0,0,0,0,1,0,0,0,0,0,5,1,0,4,0,0,0,9.9990e-01,4.8777e-06,1.8997e-05,5.1649e-07,4.7273e-05,8.2245e-06,2.5511e-06,1.3548e-05
0,1,0,0,0,0,0,0,0,1,0,0,0,0,0,7,0,3,0,0,0,0,9.9656e-01,4.0741e-05,4.8207e-05,2.0589e-05,1.5772e-03,7.8506e-05,1.6486e-03,3.0412e-05
1,0,1,0,0,0,0,0,0,1,0,0,0,0,0,10,0,0,0,0,0,0,9.9695e-01,1.7142e-05,9.0670e-06,6.4045e-04,2.2182e-03,1.4013e-04,7.7772e-06,1.4794e-05
2,0,0,1,0,0,0,0,0,0,1,0,0,0,0,0,5,0,0,0,0,5,9.9349e-01,2.3957e-03,3.5282e-06,2.8204e-03,3.1139e-04,7.5402e-04,6.7252e-05,1.5675e-04
0,1,0,0,0,0,0,0,1,0,0,0,0,0,0,0,0,10,0,0,0,0,9.9259e-01,1.4081e-05,2.0650e-05,2.7180e-04,2.3668e-04,1.4240e-04,6.6530e-03,6.9091e-05
1,0,1,0,0,0,0,0,0,1,0,0,0,0,0,10,0,0,0,0,0,0,9.9949e-01,4.8958e-06,2.8040e-06,4.4673e-06,4.7894e-04,5.2895e-06,2.3734e-06,8.5604e-06
3,0,0,0,1,0,0,0,0,0,0,1,0,0,0,0,1,0,9,0,0,0,9.9735e-01,4.3525e-04,1.7092e-03,2.9823e-04,3.8958e-06,1.4096e-05,1.3559e-04,5.4397e-05
1,0,1,0,0,0,0,0,0,1,0,0,0,0,0,9,1,0,0,0,0,0,9.9976e-01,4.7705e-06,4.0310e-05,4.0218e-06,1.8156e-04,4.6042e-06,1.7001e-06,3.5062e-06
3,0,0,1,0,0,0,0,0,0,0,1,0,0,0,0,3,0,6,1,0,0,9.9951e-01,1.2611e-04,7.2749e-05,9.6627e-05,6.1116e-07,1.2610e-04,1.2119e-05,5.7621e-05
1,1,0,0,0,0,0,0,0,1,0,0,0,0,0,4,0,3,0,0,0,3,9.9909e-01,4.0889e-05,1.8416e-06,3.1380e-04,2.6632e-06,4.0070e-06,5.4174e-04,6.4193e-06
1,0,1,0,0,0,0,0,0,1,0,0,0,0,0,8,1,1,0,0,0,0,9.9982e-01,3.2398e-05,2.7920e-05,7.1675e-06,7.7360e-05,4.8938e-06,3.4177e-06,2.2011e-05
1,0,1,0,0,0,0,0,0,1,0,0,0,0,0,6,1,1,0,0,0,2,9.9934e-01,1.1604e-04,6.1477e-06,2.1972e-04,4.5218e-06,1.9282e-05,2.8385e-04,1.0939e-05
1,0,1,0,0,0,0,0,0,1,0,0,0,0,0,9,0,1,0,0,0,0,9.9857e-01,9.8123e-06,3.6395e-06,4.4582e-06,1.2657e-03,3.5434e-05,8.9887e-05,2.3452e-05
0,1,0,0,0,0,0,0,1,0,0,0,0,0,0,0,0,10,0,0,0,0,9.9202e-01,6.0620e-05,8.0817e-06,3.1343e-03,1.1208e-03,4.7271e-05,3.5880e-03,2.4605e-05
0,1,0,0,0,0,0,0,1,0,0,0,0,0,0,3,0,7,0,0,0,0,9.9738e-01,2.8428e-05,5.1672e-06,1.9877e-04,1.1370e-03,2.1697e-05,1.2026e-03,2.8741e-05
1,0,1,0,0,0,0,0,0,1,0,0,0,0,0,7,1,0,1,0,0,1,9.9905e-01,3.2112e-05,1.3196e-04,1.6236e-04,6.0593e-04,1.3344e-05,2.8266e-06,5.3252e-06
2,0,1,0,0,0,0,0,1,0,0,0,0,0,0,3,0,4,0,0,0,3,9.9743e-01,2.6976e-05,6.6055e-06,9.2592e-04,1.2611e-03,9.7553e-06,3.1252e-04,2.7257e-05
2,1,0,0,0,0,0,0,1,0,0,0,0,0,0,2,1,5,0,0,0,2,9.9914e-01,2.9956e-05,5.3361e-06,2.8767e-04,1.9841e-05,7.1619e-05,4.3746e-04,1.0157e-05
1,0,1,0,0,0,0,0,0,1,0,0,0,0,0,5,1,0,4,0,0,0,9.9935e-01,5.5539e-06,8.0203e-05,1.4385e-06,5.1838e-04,2.0247e-05,3.4828e-06,2.1656e-05
4,0,0,0,0,1,0,0,0,0,0,0,1,0,0,0,0,1,0,0,0,9,9.9851e-01,9.5228e-06,2.8529e-06,8.2075e-04,6.6158e-05,1.1395e-05,5.2959e-04,4.6749e-05
6,0,0,0,0,0,0,1,0,0,0,0,0,0,1,3,0,0,0,6,0,1,9.9870e-01,2.9931e-05,6.6745e-05,1.5441e-04,1.4677e-05,8.8058e-04,1.3598e-05,1.4140e-04
4,0,0,0,0,1,0,0,0,0,1,0,0,0,0,1,4,2,0,0,0,3,9.9936e-01,1.5694e-04,8.8115e-06,4.2432e-04,4.8453e-06,2.3224e-06,3.3843e-05,9.7000e-06
1,0,1,0,0,0,0,0,0,1,0,0,0,0,0,9,0,1,0,0,0,0,9.9889e-01,5.6328e-06,2.0772e-05,7.0072e-05,9.5502e-04,4.2406e-05,1.2361e-05,6.6077e-06
1,0,1,0,0,0,0,0,0,1,0,0,0,0,0,6,1,1,0,2,0,0,9.9959e-01,1.3126e-04,1.5883e-04,2.5709e-05,9.5433e-06,5.3754e-05,2.2123e-06,2.4745e-05
1,0,1,0,0,0,0,0,0,1,0,0,0,0,0,7,1,1,1,0,0,0,9.9995e-01,4.8812e-06,4.5503e-06,2.5721e-06,1.2585e-05,7.8273e-06,9.2029e-07,1.2408e-05
1,0,1,0,0,0,0,0,0,1,0,0,0,0,0,8,0,1,0,0,0,1,9.9995e-01,7.5881e-07,2.2128e-06,1.6340e-06,1.3877e-05,1.3825e-05,1.3879e-05,4.7646e-06
1,0,1,0,0,0,0,0,0,1,0,0,0,0,0,9,0,1,0,0,0,0,9.9990e-01,2.1905e-06,1.8511e-06,1.8579e-06,8.6792e-05,2.1731e-06,3.9887e-07,1.0059e-06
3,0,0,0,1,0,0,0,0,0,0,1,0,0,0,0,2,0,7,0,0,1,9.9804e-01,8.8428e-04,4.1686e-04,2.7205e-04,8.7732e-06,1.0056e-04,5.8691e-05,2.1954e-04
0,1,0,0,0,0,0,0,1,0,0,0,0,0,0,0,0,10,0,0,0,0,9.9791e-01,5.4225e-05,1.3847e-05,6.8414e-04,6.0353e-06,2.1625e-05,1.2979e-03,1.0457e-05
1,0,1,0,0,0,0,0,0,1,0,0,0,0,0,9,0,1,0,0,0,0,9.9947e-01,4.3440e-06,1.1053e-05,9.2562e-07,4.7783e-04,2.9985e-06,1.2135e-05,2.5617e-05
1,0,1,0,0,0,0,0,0,1,0,0,0,0,0,7,2,1,0,0,0,0,9.9985e-01,4.3017e-05,4.0082e-05,2.1176e-06,3.8860e-05,1.1306e-05,6.9351e-06,6.1095e-06
4,0,0,1,0,0,0,0,0,1,0,0,0,0,0,4,1,0,4,0,0,1,9.9925e-01,1.4893e-05,6.5296e-04,4.2615e-06,9.0431e-06,4.4656e-05,5.8104e-06,1.4928e-05
4,0,0,0,0,1,0,0,0,0,0,0,1,0,0,3,0,0,0,0,0,7,9.9710e-01,1.9930e-04,1.3110e-05,9.2836e-04,5.1019e-04,1.1580e-03,3.1281e-05,6.4013e-05
4,0,0,0,0,1,0,0,0,0,0,0,1,0,0,3,0,0,0,0,0,7,9.9903e-01,2.2564e-05,2.2773e-05,8.3866e-04,2.0288e-05,4.3528e-05,8.0466e-06,1.0328e-05
2,0,0,1,0,0,0,0,0,0,0,1,0,0,0,0,1,0,6,0,0,3,9.9919e-01,1.1641e-04,2.4973e-04,3.5926e-04,1.1483e-05,3.9246e-05,4.3361e-06,3.1282e-05
1,0,1,0,0,0,0,0,0,1,0,0,0,0,0,8,1,1,0,0,0,0,9.9855e-01,1.1715e-04,1.5448e-05,1.9459e-06,1.2812e-03,8.2981e-06,1.6097e-05,7.4019e-06
4,0,0,0,0,1,0,0,0,0,0,0,1,0,0,0,0,0,0,0,2,8,9.9958e-01,6.6410e-06,3.0398e-06,3.4365e-04,7.5831e-06,1.4096e-05,2.1714e-05,2.1738e-05
2,0,0,1,0,0,0,0,0,0,0,1,0,0,0,4,1,0,5,0,0,0,9.9911e-01,1.4660e-04,7.1160e-04,3.1689e-06,6.9390e-06,9.1792e-06,3.1792e-06,9.8400e-06
2,0,0,1,0,0,0,0,0,0,0,1,0,0,0,0,1,0,9,0,0,0,9.9983e-01,7.5800e-05,4.5851e-05,2.9877e-06,1.0367e-05,1.9770e-05,4.9348e-06,1.1118e-05
2,0,0,1,0,0,0,0,0,0,1,0,0,0,0,2,8,0,0,0,0,0,9.9792e-01,1.1147e-03,9.1023e-06,7.1796e-04,4.7596e-06,2.8995e-05,1.7563e-04,2.5049e-05
2,0,0,1,0,0,0,0,0,0,0,1,0,0,0,3,1,0,6,0,0,0,9.9694e-01,5.9058e-05,1.5795e-03,2.0382e-05,3.7744e-04,8.4958e-04,7.7761e-05,9.1597e-05
1,0,1,0,0,0,0,0,0,1,0,0,0,0,0,6,1,1,1,1,0,0,9.9992e-01,7.9209e-06,3.4270e-05,7.7144e-07,8.1704e-06,1.2960e-05,3.7961e-06,1.3952e-05
3,0,0,0,1,0,0,0,0,0,0,1,0,0,0,3,1,0,6,0,0,0,9.9972e-01,9.4567e-06,1.7513e-04,2.0219e-06,4.3303e-05,2.7022e-05,1.4109e-06,2.0265e-05
1,0,1,0,0,0,0,0,0,1,0,0,0,0,0,6,1,0,0,3,0,0,9.9606e-01,2.2032e-04,4.5524e-05,2.7572e-04,1.4897e-03,1.5618e-03,1.5629e-05,3.3067e-04
1,0,1,0,0,0,0,0,0,1,0,0,0,0,0,6,0,4,0,0,0,0,9.9863e-01,2.6319e-05,8.8878e-05,6.4920e-06,1.4971e-04,5.2158e-05,9.4879e-04,9.7754e-05
1,0,1,0,0,0,0,0,0,1,0,0,0,0,0,5,1,1,3,0,0,0,9.9991e-01,5.8053e-06,2.4180e-05,1.8482e-07,2.4352e-05,2.4321e-05,4.3802e-06,6.3433e-06
1,0,1,0,0,0,0,0,0,1,0,0,0,0,0,8,0,2,0,0,0,0,9.9989e-01,9.8239e-06,4.3225e-05,1.2335e-06,5.2095e-06,3.4638e-05,6.5142e-06,7.6018e-06
2,0,0,1,0,0,0,0,0,0,0,0,1,0,0,1,1,0,3,0,0,5,9.9985e-01,9.3494e-06,5.2728e-05,5.1876e-05,5.8515e-06,1.0780e-05,9.2681e-06,7.9782e-06
1,0,1,0,0,0,0,0,0,0,0,0,0,0,1,3,0,0,0,7,0,0,9.9904e-01,2.0736e-06,2.6815e-05,9.7811e-06,7.3918e-05,7.6572e-04,6.5546e-05,1.1858e-05
1,0,1,0,0,0,0,0,0,1,0,0,0,0,0,7,1,0,2,0,0,0,9.9987e-01,6.8906e-06,5.1120e-05,1.7072e-06,3.9934e-05,2.0292e-05,2.1311e-06,9.1111e-06
7,0,1,0,0,0,0,0,0,0,0,1,0,0,0,2,1,0,4,2,1,0,9.9866e-01,1.2415e-05,3.5855e-04,6.6531e-05,4.1785e-05,1.1478e-04,6.4675e-06,7.3982e-04
2,0,0,1,0,0,0,0,0,0,0,1,0,0,0,4,1,0,5,0,0,0,9.9976e-01,2.8377e-05,5.7152e-05,9.1321e-06,2.5138e-06,2.6258e-05,8.0315e-05,3.3004e-05
1,0,1,0,0,0,0,0,0,1,0,0,0,0,0,9,0,1,0,0,0,0,9.9985e-01,2.1478e-06,1.0095e-05,3.6933e-06,7.2140e-05,1.4745e-05,2.7371e-05,2.1892e-05
1,0,1,0,0,0,0,0,0,1,0,0,0,0,0,6,1,1,2,0,0,0,9.9962e-01,1.0017e-05,2.3034e-04,8.7867e-06,7.7160e-05,2.4636e-05,7.1877e-06,1.7721e-05
1,0,1,0,0,0,0,0,0,1,0,0,0,0,0,7,1,0,2,0,0,0,9.9914e-01,2.8337e-05,8.4050e-05,7.2744e-05,6.1173e-04,2.8191e-05,3.6359e-06,3.2988e-05
1,0,1,0,0,0,0,0,0,1,0,0,0,0,0,7,1,1,1,0,0,0,9.9948e-01,2.8383e-05,1.4512e-05,1.5834e-06,4.5820e-04,8.9884e-06,4.2192e-06,8.0145e-06
0,1,0,0,0,0,0,0,0,1,0,0,0,0,0,6,0,3,0,0,0,1,9.9982e-01,1.6256e-06,2.2986e-06,1.2268e-04,3.2047e-06,7.3352e-06,4.1314e-05,1.9949e-06
1,0,1,0,0,0,0,0,0,1,0,0,0,0,0,5,1,1,3,0,0,0,9.9939e-01,5.7003e-06,3.3710e-04,7.2549e-07,2.2623e-04,1.4218e-05,1.4366e-05,7.6148e-06
4,0,0,0,0,1,0,0,0,0,0,0,1,0,0,0,0,0,0,0,0,10,9.9521e-01,6.0629e-04,2.9987e-05,3.6309e-03,8.3642e-05,6.6505e-05,3.3973e-04,3.6257e-05
0,1,0,0,0,0,0,0,1,0,0,0,0,0,0,1,0,9,0,0,0,0,9.9808e-01,7.9809e-06,6.0534e-05,3.8221e-06,4.9190e-04,2.5412e-05,1.3142e-03,1.7083e-05
1,0,1,0,0,0,0,0,0,1,0,0,0,0,0,10,0,0,0,0,0,0,9.9755e-01,6.1127e-06,1.4112e-05,1.4821e-06,2.3448e-03,2.7366e-05,4.7909e-05,1.0332e-05
1,0,1,0,0,0,0,0,0,1,0,0,0,0,0,9,1,0,0,0,0,0,9.9973e-01,6.6162e-06,9.9407e-05,3.9442e-07,1.4619e-04,1.0668e-05,9.2697e-07,5.4317e-06
1,0,1,0,0,0,0,0,0,1,0,0,0,0,0,6,1,1,2,0,0,0,9.9978e-01,1.8580e-05,9.4208e-06,8.6104e-07,1.5000e-04,2.0495e-05,3.0392e-06,1.6729e-05
1,0,1,0,0,0,0,0,0,1,0,0,0,0,0,5,1,0,4,0,0,0,9.9778e-01,1.5890e-05,1.2401e-03,2.7573e-07,8.8495e-04,1.8022e-05,2.3545e-05,3.4898e-05
1,0,1,0,0,0,0,0,0,1,0,0,0,0,0,9,1,0,0,0,0,0,9.9932e-01,8.6877e-05,1.0039e-05,4.2337e-06,5.4580e-04,5.7027e-06,1.9137e-06,2.6722e-05
2,0,0,1,0,0,0,0,0,0,0,1,0,0,0,1,1,0,8,0,0,0,9.9969e-01,1.0973e-05,2.7309e-04,9.7996e-07,9.7640e-06,4.3236e-06,5.3879e-07,7.1673e-06
1,0,1,0,0,0,0,0,0,1,0,0,0,0,0,6,1,1,2,0,0,0,9.9955e-01,9.1262e-06,1.2067e-04,2.8924e-06,1.6269e-04,1.3641e-05,1.2915e-04,1.5531e-05
1,0,1,0,0,0,0,0,0,1,0,0,0,0,0,8,1,1,0,0,0,0,9.9942e-01,2.0330e-05,4.6062e-04,2.5080e-06,6.9073e-05,1.6816e-05,2.6998e-06,5.1763e-06
2,0,0,1,0,0,0,0,0,0,0,1,0,0,0,2,1,1,6,0,0,0,9.9989e-01,3.3539e-05,3.9747e-06,4.8486e-06,5.4988e-05,9.5473e-07,4.4208e-06,6.1772e-06
3,0,0,0,1,0,0,0,0,0,0,1,0,0,0,1,3,0,6,0,0,0,9.9944e-01,1.8771e-04,2.4889e-04,3.4232e-06,5.8678e-06,3.4882e-05,3.3778e-06,7.9908e-05
1,0,1,0,0,0,0,0,0,1,0,0,0,0,0,6,0,4,0,0,0,0,9.9804e-01,6.7904e-06,5.4115e-06,1.4546e-06,2.9124e-04,2.3398e-05,1.6233e-03,1.0903e-05
1,1,0,0,0,0,0,0,0,1,0,0,0,0,0,5,1,4,0,0,0,0,9.9785e-01,1.6081e-04,7.0107e-04,1.5800e-05,3.6184e-04,5.3056e-05,8.1179e-04,4.6093e-05
1,0,1,0,0,0,0,0,0,1,0,0,0,0,0,10,0,0,0,0,0,0,9.9493e-01,2.9521e-04,1.7785e-03,7.1397e-05,2.5439e-03,4.3839e-05,7.5569e-05,2.5810e-04
1,0,1,0,0,0,0,0,0,1,0,0,0,0,0,10,0,0,0,0,0,0,9.9960e-01,5.1992e-06,2.0528e-05,1.5214e-06,2.6106e-04,1.3977e-05,1.0285e-05,8.7318e-05
1,0,1,0,0,0,0,0,0,1,0,0,0,0,0,10,0,0,0,0,0,0,9.9431e-01,5.7584e-05,2.5948e-05,6.1063e-05,5.2461e-03,1.6275e-04,2.7990e-05,1.0929e-04
1,0,1,0,0,0,0,0,0,1,0,0,0,0,0,7,1,1,1,0,0,0,9.9971e-01,3.8367e-05,1.9691e-04,6.3637e-07,1.9902e-05,1.6590e-05,1.0797e-05,7.7549e-06
0,1,0,0,0,0,0,0,1,0,0,0,0,0,0,1,0,9,0,0,0,0,9.9779e-01,2.8713e-05,2.7922e-05,3.4580e-06,3.0819e-04,4.9957e-05,1.7080e-03,8.7302e-05
1,0,1,0,0,0,0,0,0,1,0,0,0,0,0,7,1,0,2,0,0,0,9.9969e-01,1.6301e-06,6.0267e-05,2.0677e-06,1.3363e-04,2.1394e-05,2.8153e-06,8.5627e-05
1,0,1,0,0,0,0,0,0,1,0,0,0,0,0,5,1,0,4,0,0,0,9.9927e-01,1.4824e-06,1.2031e-05,2.3409e-06,6.8193e-04,2.6653e-05,4.8016e-06,4.1001e-06
6,0,1,0,0,0,0,0,0,0,1,0,0,0,0,3,6,0,0,0,1,0,9.9793e-01,5.5005e-04,5.6327e-05,2.9206e-06,2.6465e-05,1.5452e-04,1.7478e-05,1.2661e-03
4,0,0,0,0,1,0,0,0,0,0,0,1,0,0,0,0,1,0,0,0,9,9.9976e-01,1.1402e-05,9.0888e-07,1.2016e-04,2.1920e-05,1.6733e-05,6.8118e-05,5.1280e-06
1,1,0,0,0,0,0,0,0,0,0,0,1,0,0,0,0,4,0,0,0,6,9.9939e-01,1.7199e-05,4.7603e-05,2.8543e-04,2.4476e-05,2.7125e-05,1.4117e-04,6.2867e-05
1,0,1,0,0,0,0,0,1,0,0,0,0,0,0,3,0,6,0,0,0,1,9.9998e-01,1.8232e-06,2.8784e-06,1.8119e-06,3.8005e-07,2.0605e-06,3.6995e-06,4.0967e-06
1,0,1,0,0,0,0,0,0,1,0,0,0,0,0,8,1,1,0,0,0,0,9.9997e-01,5.9296e-06,1.3074e-06,1.2619e-06,1.9143e-06,5.2814e-06,1.6348e-06,7.7791e-06
1,0,1,0,0,0,0,0,0,1,0,0,0,0,0,6,0,1,0,3,0,0,9.9978e-01,1.3803e-05,3.1638e-06,2.1945e-06,9.4660e-05,7.1331e-05,3.9516e-06,2.9575e-05
1,0,1,0,0,0,0,0,0,1,0,0,0,0,0,5,0,1,0,2,2,0,9.9978e-01,1.9736e-05,3.1479e-05,2.2747e-06,3.2492e-05,3.4298e-05,1.0804e-05,9.1183e-05
1,0,1,0,0,0,0,0,0,1,0,0,0,0,0,5,1,1,1,2,0,0,9.9996e-01,4.1556e-06,4.4078e-06,9.7596e-07,2.5616e-06,1.0193e-05,1.8482e-06,2.0516e-05
1,0,1,0,0,0,0,0,0,1,0,0,0,0,0,9,0,0,0,1,0,0,9.9938e-01,2.8533e-06,2.3629e-06,1.2434e-06,5.4656e-04,2.2319e-05,6.0739e-06,3.9512e-05
1,0,1,0,0,0,0,0,0,1,0,0,0,0,0,5,0,0,0,5,0,0,9.9990e-01,4.8153e-06,4.3548e-06,4.4688e-06,7.8019e-06,4.1683e-05,1.4005e-05,2.6870e-05
1,0,1,0,0,0,0,0,0,1,0,0,0,0,0,6,0,1,0,3,0,0,9.9918e-01,1.0214e-05,1.0855e-05,1.2678e-05,7.4946e-05,2.1625e-04,4.7596e-04,1.5780e-05
1,0,1,0,0,0,0,0,0,1,0,0,0,0,0,4,1,0,2,2,0,1,9.9996e-01,7.1502e-06,5.0678e-06,1.8362e-05,2.7924e-06,3.0421e-06,7.5653e-07,6.6699e-06
0,1,0,0,0,0,0,0,1,0,0,0,0,0,0,5,0,5,0,0,0,0,9.9985e-01,5.6863e-05,9.3191e-06,5.1511e-06,7.6619e-06,8.2457e-06,6.1750e-05,3.4247e-06
1,0,1,0,0,0,0,0,0,1,0,0,0,0,0,5,0,1,0,1,3,0,9.9993e-01,4.5410e-06,5.4736e-06,5.3204e-06,3.5618e-06,1.0327e-05,2.4107e-05,2.1468e-05
1,0,1,0,0,0,0,0,0,1,0,0,0,0,0,5,0,4,0,1,0,0,9.9997e-01,3.4536e-06,8.3789e-07,2.3868e-06,1.3173e-06,1.6715e-06,1.2256e-05,3.8095e-06
1,0,1,0,0,0,0,0,0,1,0,0,0,0,0,7,0,1,0,1,1,0,9.9996e-01,7.9212e-07,1.5908e-06,8.8074e-07,4.0680e-06,4.0009e-06,8.2506e-06,2.1884e-05
1,0,1,0,0,0,0,0,0,1,0,0,0,0,0,5,1,2,2,0,0,0,9.9994e-01,8.7774e-06,8.7064e-06,1.3977e-06,1.0196e-05,3.7959e-06,1.8320e-05,7.0229e-06
1,0,1,0,0,0,0,0,0,1,0,0,0,0,0,7,1,2,0,0,0,0,9.9989e-01,1.8330e-05,2.8328e-06,4.1117e-05,1.2618e-05,6.2413e-06,1.6253e-05,1.0405e-05
1,0,1,0,0,0,0,0,0,1,0,0,0,0,0,7,0,2,0,1,0,0,9.9997e-01,3.2691e-06,1.8877e-06,2.1565e-06,3.1660e-06,1.0628e-05,2.0193e-06,5.6898e-06
1,0,1,0,0,0,0,0,0,1,0,0,0,0,0,8,0,2,0,0,0,0,9.9997e-01,2.6204e-06,7.3538e-07,4.9008e-06,7.4514e-06,3.8797e-06,4.7127e-06,6.1313e-06
1,0,1,0,0,0,0,0,0,1,0,0,0,0,0,5,0,3,0,1,0,1,9.9998e-01,2.7739e-06,3.3176e-06,2.3752e-06,4.4884e-07,2.1267e-06,1.5253e-06,9.4557e-06
1,0,1,0,0,0,0,0,0,1,0,0,0,0,0,6,1,1,0,2,0,0,9.9990e-01,3.7707e-06,5.4438e-06,1.6500e-06,5.4604e-05,1.8575e-05,5.8927e-06,1.2880e-05
1,0,1,0,0,0,0,0,0,1,0,0,0,0,0,6,1,1,1,1,0,0,9.9993e-01,1.5039e-05,4.2409e-06,1.3959e-05,2.0983e-06,1.4641e-05,1.7413e-06,2.2662e-05
1,0,1,0,0,0,0,0,0,1,0,0,0,0,0,7,1,1,0,0,0,1,9.9998e-01,1.6384e-06,3.3387e-07,3.3754e-06,6.4737e-06,2.0390e-06,7.6298e-07,1.8864e-06
6,0,1,0,0,0,0,0,0,1,0,0,0,0,0,5,1,1,2,1,0,0,9.9997e-01,3.8776e-06,3.1428e-06,1.4160e-06,7.8890e-07,4.1350e-06,1.1808e-06,1.1045e-05
6,0,0,0,0,0,0,1,0,1,0,0,0,0,0,4,0,3,0,3,0,0,9.9984e-01,2.1773e-05,1.0867e-05,3.5226e-05,5.3249e-06,2.7497e-05,4.9015e-05,5.9833e-06
2,0,1,0,0,0,0,0,0,0,0,1,0,0,0,3,1,0,5,1,0,0,9.9973e-01,1.2503e-04,1.0072e-04,2.2161e-06,1.6092e-06,2.4084e-05,6.9660e-06,1.0253e-05
1,0,1,0,0,0,0,0,0,0,0,1,0,0,0,3,1,1,5,0,0,0,9.9997e-01,1.0721e-05,2.5940e-06,4.8715e-07,7.7822e-07,1.0350e-06,5.0590e-06,6.0588e-06
0,1,0,0,0,0,0,0,0,1,0,0,0,0,0,4,1,2,1,1,0,1,9.9998e-01,4.2202e-06,1.9567e-06,2.3624e-06,2.4990e-07,9.0417e-07,8.1336e-06,2.4222e-06
1,0,1,0,0,0,0,0,0,0,0,1,0,0,0,3,1,0,6,0,0,0,9.9994e-01,2.4939e-05,1.4085e-05,3.4270e-06,2.8346e-06,3.3838e-06,2.0615e-06,7.9308e-06
1,0,1,0,0,0,0,0,0,1,0,0,0,0,0,5,0,1,0,3,1,0,9.9994e-01,5.1167e-06,8.0395e-07,4.9478e-06,7.1864e-06,1.2878e-05,1.6009e-05,1.6132e-05
1,0,1,0,0,0,0,0,0,1,0,0,0,0,0,6,0,1,0,3,0,0,9.9999e-01,8.6174e-07,3.4920e-07,1.9752e-06,1.3995e-06,6.1490e-06,1.2062e-06,1.2910e-06
1,0,1,0,0,0,0,0,0,1,0,0,0,0,0,5,1,0,0,0,0,4,9.9996e-01,1.6531e-05,5.7668e-06,4.4169e-06,1.2269e-06,2.2232e-06,1.0374e-06,5.5545e-06
1,0,1,0,0,0,0,0,0,1,0,0,0,0,0,10,0,0,0,0,0,0,9.9964e-01,3.3460e-06,3.4101e-06,1.1298e-05,2.9797e-04,2.4838e-05,2.7150e-06,1.7721e-05
1,0,1,0,0,0,0,0,0,1,0,0,0,0,0,7,1,1,1,0,0,0,9.9999e-01,1.2646e-06,1.5036e-06,7.7689e-07,1.1472e-06,9.5303e-07,5.7376e-07,1.2851e-06
1,0,1,0,0,0,0,0,0,1,0,0,0,0,0,6,0,2,0,0,2,0,9.9989e-01,2.2932e-05,1.6557e-05,4.1517e-06,2.4517e-06,7.0786e-06,2.4399e-05,3.1458e-05
2,0,1,0,0,0,0,0,0,0,0,0,1,0,0,4,0,1,0,0,0,5,9.9990e-01,2.4712e-06,7.4327e-06,7.0873e-05,1.7069e-06,1.8505e-06,7.1638e-06,8.3541e-06
1,0,1,0,0,0,0,0,0,0,0,1,0,0,0,1,1,0,7,1,0,0,9.9895e-01,8.4061e-05,8.9398e-04,1.8357e-06,1.6792e-05,1.6750e-05,1.3026e-05,1.9232e-05
1,0,1,0,0,0,0,0,0,0,0,1,0,0,0,1,1,0,8,0,0,0,9.9954e-01,4.2178e-05,3.9328e-04,5.4632e-07,6.1569e-06,6.1554e-06,4.7282e-06,1.0519e-05
1,0,1,0,0,0,0,0,0,1,0,0,0,0,0,5,1,1,2,1,0,0,9.9997e-01,7.2052e-06,3.8710e-06,5.9305e-06,1.0791e-06,1.8571e-06,5.7186e-06,7.9257e-06
1,0,1,0,0,0,0,0,0,1,0,0,0,0,0,8,0,1,0,0,0,1,9.9997e-01,6.2742e-06,4.9682e-06,2.1523e-06,5.8791e-06,1.9170e-06,2.7217e-06,9.6506e-06
1,0,1,0,0,0,0,0,0,1,0,0,0,0,0,5,0,2,3,0,0,0,9.9996e-01,8.9476e-06,4.4206e-06,1.2702e-05,7.3727e-07,3.2491e-06,2.8232e-06,4.9908e-06
2,0,0,1,0,0,0,0,0,1,0,0,0,0,0,5,1,0,3,1,0,0,9.9996e-01,1.2535e-05,1.0244e-05,1.0504e-06,1.4603e-06,9.8046e-06,2.2406e-06,2.0206e-06
1,0,1,0,0,0,0,0,0,1,0,0,0,0,0,5,1,1,2,1,0,0,9.9998e-01,6.2157e-06,4.5043e-06,1.4626e-06,6.4141e-07,1.7120e-06,2.4953e-06,4.7446e-06
3,0,0,0,1,0,0,0,0,0,0,1,0,0,0,1,0,0,8,1,0,0,9.9998e-01,3.2969e-06,9.3307e-06,7.0423e-07,8.6758e-07,2.2970e-06,2.0266e-06,1.4456e-06
1,0,1,0,0,0,0,0,0,1,0,0,0,0,0,7,0,1,0,2,0,0,9.9965e-01,1.3007e-05,3.3014e-05,4.7943e-06,1.7516e-04,4.6408e-05,3.6772e-05,4.3691e-05
1,0,1,0,0,0,0,0,0,1,0,0,0,0,0,10,0,0,0,0,0,0,9.9982e-01,1.0587e-05,1.5630e-06,2.8056e-05,9.3180e-05,1.1618e-05,3.9675e-06,3.1249e-05
1,0,1,0,0,0,0,0,0,1,0,0,0,0,0,5,0,1,0,2,0,2,9.9998e-01,2.9571e-06,1.5800e-06,2.7656e-06,6.2480e-07,3.7341e-06,1.4252e-06,3.9584e-06
1,0,1,0,0,0,0,0,0,1,0,0,0,0,0,9,0,1,0,0,0,0,9.9990e-01,2.7038e-06,4.4303e-07,7.8518e-06,6.5523e-05,2.5343e-06,5.7624e-06,1.1169e-05
1,0,1,0,0,0,0,0,0,1,0,0,0,0,0,5,0,4,0,1,0,0,9.9999e-01,2.4551e-06,1.8132e-06,1.2424e-06,5.0498e-07,1.4272e-06,2.5527e-06,4.2970e-06
1,0,1,0,0,0,0,0,0,1,0,0,0,0,0,8,0,1,0,1,0,0,9.9999e-01,8.3491e-07,7.6212e-07,5.9011e-07,1.1784e-06,8.4244e-07,7.1696e-07,1.8374e-06
1,0,1,0,0,0,0,0,0,1,0,0,0,0,0,5,1,3,0,1,0,0,9.9998e-01,1.4074e-06,1.6715e-06,5.2986e-07,4.4255e-06,1.4081e-06,9.0848e-06,2.9646e-06
1,0,1,0,0,0,0,0,0,1,0,0,0,0,0,8,0,1,0,1,0,0,9.9998e-01,7.4618e-07,5.8855e-07,4.5917e-07,1.4057e-05,2.8877e-06,3.8967e-06,2.2387e-06
1,0,1,0,0,0,0,0,0,1,0,0,0,0,0,5,0,3,0,2,0,0,9.9996e-01,4.4111e-06,9.3968e-07,6.3511e-06,2.4828e-06,8.9326e-06,1.4362e-05,7.0760e-06
1,0,1,0,0,0,0,0,0,1,0,0,0,0,0,5,1,1,2,1,0,0,9.9998e-01,3.2065e-06,3.2960e-06,6.6682e-07,1.3819e-06,7.8598e-06,3.2363e-06,4.6627e-06
3,0,0,0,1,0,0,0,0,0,0,1,0,0,0,2,1,0,7,0,0,0,9.9989e-01,3.2910e-05,1.2499e-05,5.7827e-06,8.0486e-07,9.6981e-06,2.3957e-05,2.3984e-05
2,0,0,1,0,0,0,0,0,1,0,0,0,0,0,5,1,1,3,0,0,0,9.9985e-01,3.0670e-05,7.1329e-05,3.3113e-06,7.3659e-07,1.7598e-05,1.2374e-05,1.7844e-05
1,0,1,0,0,0,0,0,0,1,0,0,0,0,0,5,1,0,4,0,0,0,9.9986e-01,6.0760e-06,2.7677e-05,8.2364e-07,9.9602e-05,3.0865e-06,1.5287e-06,1.8135e-06
1,0,1,0,0,0,0,0,0,1,0,0,0,0,0,6,1,2,0,1,0,0,9.9997e-01,8.8992e-06,6.2009e-06,1.4131e-06,2.1535e-06,2.6605e-06,6.4506e-06,3.6880e-06
4,0,0,0,0,0,1,0,1,0,0,0,0,0,0,2,0,5,0,2,1,0,9.9941e-01,3.1509e-05,2.3196e-05,4.1511e-06,1.3257e-05,6.5318e-05,4.0062e-04,5.0675e-05
4,0,0,0,0,0,1,0,0,0,0,0,0,0,1,0,0,0,0,7,3,0,9.9844e-01,2.4882e-04,6.8127e-05,5.8960e-06,1.3029e-05,4.1860e-04,1.7319e-04,6.3408e-04
1,0,1,0,0,0,0,0,0,1,0,0,0,0,0,8,0,0,0,2,0,0,9.9884e-01,1.9549e-05,6.0672e-04,2.8961e-06,4.9443e-04,2.0655e-05,6.7800e-06,1.2523e-05
1,0,1,0,0,0,0,0,0,0,0,1,0,0,0,1,0,0,8,1,0,0,9.9915e-01,1.2312e-05,5.0414e-04,6.9414e-06,3.0115e-05,1.5901e-04,8.7300e-05,5.1144e-05
1,0,1,0,0,0,0,0,0,1,0,0,0,0,0,6,0,0,1,3,0,0,9.9928e-01,5.8032e-05,1.7218e-04,8.7040e-07,3.4266e-04,8.2911e-05,1.3731e-05,5.0548e-05
1,0,1,0,0,0,0,0,0,1,0,0,0,0,0,6,1,2,1,0,0,0,9.9997e-01,8.4034e-06,1.6800e-06,3.5211e-07,5.9525e-06,1.7114e-06,4.2145e-06,1.1187e-05
1,0,1,0,0,0,0,0,0,0,0,0,1,0,0,4,0,0,0,0,0,6,9.9993e-01,3.8053e-06,7.2161e-07,5.6959e-05,2.5733e-06,1.1093e-06,4.0417e-06,1.7897e-06
1,0,1,0,0,0,0,0,0,0,0,0,1,0,0,3,0,0,0,2,0,5,9.9997e-01,1.5941e-06,3.7183e-06,3.0732e-06,9.2530e-07,9.7273e-06,2.3180e-06,5.7838e-06
1,0,1,0,0,0,0,0,0,1,0,0,0,0,0,4,2,2,0,0,0,2,9.9989e-01,3.8279e-05,2.7740e-07,3.9222e-05,8.3591e-06,2.6906e-06,1.1207e-05,7.5547e-06
3,0,1,0,0,0,0,0,0,1,0,0,0,0,0,3,2,0,3,1,1,0,9.9982e-01,4.6881e-05,1.2694e-05,2.9712e-06,8.0467e-06,3.2418e-05,1.6767e-05,5.7886e-05
1,0,1,0,0,0,0,0,0,1,0,0,0,0,0,7,0,2,0,1,0,0,9.9981e-01,5.2606e-06,1.6067e-05,3.4022e-06,7.7660e-05,2.2862e-05,6.0922e-05,5.4488e-06
1,0,1,0,0,0,0,0,0,1,0,0,0,0,0,4,1,0,3,2,0,0,9.9998e-01,4.2373e-06,1.9638e-06,2.8018e-06,1.5135e-06,2.5686e-06,1.8289e-06,6.1427e-06
2,1,0,0,0,0,0,0,1,0,0,0,0,0,0,2,0,8,0,0,0,0,9.9975e-01,1.2753e-05,2.8071e-05,1.0525e-04,2.6494e-06,2.9207e-05,5.8544e-05,1.0885e-05
2,0,0,0,0,0,1,0,0,0,0,0,1,0,0,0,0,0,0,1,2,7,9.9959e-01,4.9655e-06,1.4220e-04,1.0500e-04,1.7386e-06,1.1654e-04,1.0346e-05,3.0748e-05
2,0,0,0,0,0,0,1,0,0,0,0,0,0,1,2,1,0,3,3,0,1,9.9977e-01,9.5376e-06,9.4562e-05,8.2144e-05,1.3600e-06,1.7877e-05,1.4999e-05,8.5934e-06
0,1,0,0,0,0,0,0,1,0,0,0,0,0,0,4,0,6,0,0,0,0,9.9900e-01,4.9066e-05,1.5543e-05,1.6194e-05,3.8082e-05,9.7946e-05,7.2799e-04,5.0773e-05
2,0,1,0,0,0,0,0,0,0,0,0,0,0,1,4,0,1,0,5,0,0,9.9993e-01,1.6584e-06,3.9354e-06,8.1451e-07,9.5114e-06,5.1885e-05,4.1902e-06,2.8076e-06
1,0,1,0,0,0,0,0,0,1,0,0,0,0,0,8,0,1,0,1,0,0,9.9999e-01,1.2483e-06,4.2381e-07,1.0454e-06,2.0437e-06,1.2807e-06,1.0078e-06,1.5734e-06
2,0,0,1,0,0,0,0,0,0,0,0,0,1,0,0,4,0,0,0,6,0,9.9810e-01,4.3714e-04,9.9939e-07,1.4469e-04,1.6763e-04,5.4947e-04,9.9460e-05,4.9939e-04
1,0,1,0,0,0,0,0,0,1,0,0,0,0,0,7,0,1,0,1,0,1,9.9983e-01,8.1168e-06,6.5219e-07,1.2842e-04,1.4644e-05,5.4406e-06,5.0115e-06,5.8213e-06
4,0,0,0,0,1,0,0,0,0,0,0,1,0,0,0,0,0,0,0,2,8,9.9969e-01,4.3272e-06,1.5921e-06,2.0891e-04,2.4538e-05,1.4057e-05,1.1092e-05,4.4109e-05
1,0,1,0,0,0,0,0,0,1,0,0,0,0,0,5,1,0,3,1,0,0,9.9994e-01,1.2165e-05,2.1653e-05,1.9334e-06,6.3980e-06,1.8939e-06,1.6097e-06,1.1539e-05
2,0,0,0,0,1,0,0,0,0,0,0,1,0,0,0,0,0,0,0,0,10,9.9951e-01,1.0323e-04,2.1642e-06,3.5811e-04,8.1749e-06,4.9156e-06,7.7311e-06,8.3800e-06
5,0,0,0,0,0,1,0,0,0,0,0,0,1,0,1,1,0,0,1,6,1,9.9978e-01,7.0474e-05,8.5223e-07,3.1805e-05,7.6901e-06,8.0419e-05,3.7812e-06,2.1165e-05
1,0,1,0,0,0,0,0,0,1,0,0,0,0,0,6,1,1,0,2,0,0,9.9998e-01,2.5205e-06,1.8050e-06,1.9276e-06,5.7693e-07,3.8486e-06,5.9064e-07,4.0620e-06
1,0,1,0,0,0,0,0,0,1,0,0,0,0,0,9,0,0,0,1,0,0,9.9955e-01,1.9609e-05,8.2656e-06,4.4837e-05,2.8739e-04,1.7386e-05,1.0512e-05,6.6008e-05
1,0,1,0,0,0,0,0,0,1,0,0,0,0,0,5,1,1,1,2,0,0,9.9999e-01,1.1154e-06,1.6044e-06,1.8650e-07,3.5205e-07,1.2219e-06,4.5480e-07,1.6534e-06
1,0,1,0,0,0,0,0,0,1,0,0,0,0,0,5,0,1,0,4,0,0,9.9982e-01,1.8603e-05,9.7939e-06,2.3047e-05,1.1429e-05,4.3882e-05,4.9413e-05,2.6868e-05
6,0,0,0,0,0,0,1,0,0,0,0,0,0,1,2,0,1,0,7,0,0,9.9944e-01,1.8803e-05,8.6840e-06,6.8264e-06,2.8265e-06,4.8756e-04,2.6371e-05,1.3094e-05
6,0,0,0,0,0,0,1,0,0,0,0,0,0,1,1,0,0,0,9,0,0,9.9925e-01,2.1751e-06,1.0358e-05,6.0875e-06,4.5462e-06,7.2517e-04,2.5201e-06,2.7065e-06
7,0,1,0,0,0,0,0,0,1,0,0,0,0,0,5,0,0,0,5,0,0,9.9951e-01,1.0250e-05,9.3780e-06,4.0245e-06,1.6329e-05,4.0424e-04,5.8388e-06,4.2420e-05
1,0,1,0,0,0,0,0,0,0,0,0,0,0,1,2,1,0,2,5,0,0,9.9984e-01,1.1935e-05,1.7864e-05,4.1595e-06,1.2915e-06,7.2752e-05,1.7479e-06,4.6483e-05
1,0,1,0,0,0,0,0,0,1,0,0,0,0,0,5,1,1,3,0,0,0,9.9997e-01,7.6381e-06,4.9136e-06,3.4598e-06,8.5698e-07,2.3621e-06,2.3741e-06,1.1566e-05
6,0,0,0,0,0,0,1,0,0,0,0,0,0,1,4,0,1,0,5,0,0,9.9987e-01,6.8873e-06,4.7643e-06,5.7776e-06,3.2780e-06,9.9804e-05,6.4668e-06,3.3657e-06
1,0,1,0,0,0,0,0,0,1,0,0,0,0,0,5,0,1,0,4,0,0,9.9925e-01,5.1771e-06,1.2851e-04,6.1103e-06,2.8220e-04,2.0908e-04,6.4119e-05,5.4827e-05
1,0,1,0,0,0,0,0,0,0,0,0,0,0,1,2,0,1,0,7,0,0,9.9786e-01,2.6579e-04,1.5376e-05,1.5341e-04,5.2899e-05,1.4474e-03,1.6560e-04,3.4729e-05
1,0,1,0,0,0,0,0,0,1,0,0,0,0,0,5,0,1,0,4,0,0,9.9957e-01,4.5492e-05,1.1336e-05,1.4389e-05,5.6338e-06,3.0457e-04,8.4346e-06,3.8862e-05
1,0,1,0,0,0,0,0,0,1,0,0,0,0,0,5,0,0,0,5,0,0,9.9996e-01,5.0082e-06,2.1355e-06,4.3398e-06,3.5077e-06,1.5131e-05,4.5490e-06,8.6257e-06
0,1,0,0,0,0,0,0,1,0,0,0,0,0,0,0,0,10,0,0,0,0,9.9970e-01,3.2440e-06,1.9855e-06,2.6990e-06,1.2276e-04,6.9589e-06,1.5100e-04,1.1550e-05
1,0,1,0,0,0,0,0,0,1,0,0,0,0,0,5,1,0,1,1,2,0,9.9998e-01,2.8574e-06,3.7355e-06,3.2288e-06,9.4925e-07,1.5460e-06,1.4930e-06,6.9369e-06
0,1,0,0,0,0,0,0,1,0,0,0,0,0,0,0,0,10,0,0,0,0,9.9877e-01,3.8287e-06,1.6459e-06,8.8758e-05,2.5190e-05,4.5173e-05,1.0500e-03,1.5048e-05
1,0,1,0,0,0,0,0,0,1,0,0,0,0,0,5,1,2,0,2,0,0,9.9996e-01,8.0359e-06,2.2313e-06,8.6542e-06,2.1860e-07,4.8564e-06,9.6126e-06,4.6880e-06
1,0,1,0,0,0,0,0,0,1,0,0,0,0,0,6,0,2,0,2,0,0,9.9960e-01,2.6922e-05,6.0802e-05,1.7685e-06,2.2415e-05,7.1087e-05,2.0798e-04,1.0380e-05
2,1,0,0,0,0,0,0,1,0,0,0,0,0,0,2,0,8,0,0,0,0,9.9980e-01,6.2783e-06,8.2441e-06,2.1723e-06,5.5615e-06,1.7760e-05,1.4550e-04,1.5749e-05
1,0,1,0,0,0,0,0,0,1,0,0,0,0,0,7,1,2,0,0,0,0,9.9999e-01,3.6881e-06,1.1155e-06,7.6117e-07,1.7668e-06,1.3352e-06,1.0394e-06,4.7828e-06
1,0,1,0,0,0,0,0,0,1,0,0,0,0,0,5,0,2,0,1,1,1,9.9998e-01,8.7051e-07,3.8657e-07,6.2840e-06,2.2014e-06,4.3291e-06,4.9442e-06,3.7923e-06
1,0,1,0,0,0,0,0,0,1,0,0,0,0,0,5,0,5,0,0,0,0,9.9992e-01,4.8422e-06,2.9968e-06,5.5677e-06,5.0831e-06,2.2560e-06,4.8075e-05,8.0177e-06
1,0,1,0,0,0,0,0,0,1,0,0,0,0,0,5,0,1,0,4,0,0,9.9994e-01,4.5434e-06,6.3978e-07,2.6051e-05,5.2321e-06,9.5068e-06,1.0227e-05,1.0817e-06
1,0,1,0,0,0,0,0,0,1,0,0,0,0,0,5,1,0,0,3,0,1,9.9998e-01,2.7452e-06,3.4632e-06,3.6617e-06,4.1440e-06,3.8060e-06,1.5765e-06,5.3364e-06
1,0,1,0,0,0,0,0,0,1,0,0,0,0,0,9,0,0,0,1,0,0,9.9991e-01,7.2429e-06,4.1648e-06,4.9027e-06,4.5956e-05,1.1467e-05,3.0836e-06,1.7240e-05
3,0,1,0,0,0,0,0,0,1,0,0,0,0,0,4,2,1,2,0,0,1,9.9995e-01,1.3484e-05,4.2531e-06,3.9259e-06,9.5132e-07,3.6163e-06,4.4617e-06,2.1318e-05
3,0,0,0,1,0,0,0,0,0,0,1,0,0,0,0,0,0,6,4,0,0,9.9881e-01,1.9629e-04,2.4760e-04,3.3133e-05,1.0057e-05,5.2963e-04,2.5706e-05,1.5004e-04
7,0,1,0,0,0,0,0,0,1,0,0,0,0,0,4,1,0,2,3,0,0,9.9978e-01,6.8348e-05,3.0920e-05,2.8809e-06,1.0979e-05,7.5254e-05,1.1664e-05,2.4521e-05
1,0,1,0,0,0,0,0,0,1,0,0,0,0,0,5,0,3,0,2,0,0,9.9999e-01,3.6156e-06,1.9851e-06,9.2134e-07,5.1985e-07,1.0910e-06,5.6225e-07,1.5329e-06
1,0,1,0,0,0,0,0,0,1,0,0,0,0,0,5,0,1,0,0,0,4,9.9995e-01,5.2326e-06,1.8650e-06,2.2966e-05,5.6019e-06,3.0823e-06,1.3342e-06,7.0162e-06
1,0,1,0,0,0,0,0,0,1,0,0,0,0,0,9,0,1,0,0,0,0,9.9998e-01,2.5105e-06,1.6287e-06,1.0112e-06,5.4503e-06,2.0142e-06,9.7733e-07,4.0918e-06
1,0,1,0,0,0,0,0,0,1,0,0,0,0,0,5,1,2,0,2,0,0,9.9997e-01,8.3532e-06,1.4493e-06,8.6569e-06,6.6500e-07,5.7798e-06,9.5551e-07,1.0758e-06
0,1,0,0,0,0,0,0,1,0,0,0,0,0,0,2,0,6,0,1,1,0,9.9943e-01,2.3787e-06,8.1569e-07,3.6971e-06,1.6608e-05,1.5204e-05,4.1540e-04,1.1258e-04
1,0,1,0,0,0,0,0,0,1,0,0,0,0,0,10,0,0,0,0,0,0,9.9996e-01,6.9939e-06,2.9986e-06,3.8251e-06,1.5932e-05,2.2441e-06,1.3069e-06,4.6405e-06
1,0,1,0,0,0,0,0,0,1,0,0,0,0,0,6,1,2,0,1,0,0,9.9998e-01,4.4363e-06,1.2393e-06,1.5587e-06,3.8183e-06,4.2441e-06,1.8528e-06,6.3919e-06
1,0,1,0,0,0,0,0,0,1,0,0,0,0,0,10,0,0,0,0,0,0,9.9804e-01,1.4219e-05,3.9194e-06,5.0902e-06,1.8392e-03,1.3159e-05,6.0666e-05,2.3875e-05
1,0,1,0,0,0,0,0,0,1,0,0,0,0,0,10,0,0,0,0,0,0,9.9995e-01,2.4268e-06,9.3149e-07,4.6209e-06,2.4335e-05,2.7182e-06,6.0920e-06,7.5573e-06
1,0,1,0,0,0,0,0,0,1,0,0,0,0,0,10,0,0,0,0,0,0,9.9951e-01,1.1273e-05,2.9327e-05,3.9136e-06,2.9653e-04,2.8541e-05,8.8937e-05,3.3622e-05
1,0,1,0,0,0,0,0,0,1,0,0,0,0,0,7,0,2,0,1,0,0,9.9993e-01,9.0841e-06,3.5594e-06,1.3866e-06,3.4987e-05,5.0351e-06,3.5902e-06,1.4122e-05
1,0,1,0,0,0,0,0,0,1,0,0,0,0,0,5,0,0,3,2,0,0,9.9995e-01,9.7703e-06,9.9413e-06,2.1468e-06,1.3361e-06,5.5310e-06,9.6040e-06,7.0064e-06
1,0,1,0,0,0,0,0,0,1,0,0,0,0,0,7,0,2,0,1,0,0,9.9998e-01,2.9365e-06,4.8116e-07,1.2150e-06,6.7836e-06,7.0788e-06,9.4136e-07,4.9630e-06
0,1,0,0,0,0,0,0,1,0,0,0,0,0,0,2,0,8,0,0,0,0,9.9923e-01,5.2600e-06,2.6980e-06,4.1287e-05,3.6465e-05,2.0445e-05,6.0601e-04,5.6925e-05
0,1,0,0,0,0,0,0,0,1,0,0,0,0,0,5,0,4,0,0,0,1,9.9869e-01,1.3762e-05,1.1686e-05,3.3082e-05,2.8849e-04,2.2754e-05,8.0667e-04,1.3456e-04
1,0,1,0,0,0,0,0,0,1,0,0,0,0,0,8,0,1,0,0,0,1,9.9957e-01,4.7917e-06,2.9156e-06,7.9696e-06,2.9472e-04,7.2796e-06,1.0131e-04,1.0881e-05
2,1,0,0,0,0,0,0,1,0,0,0,0,0,0,4,0,4,0,0,0,2,9.9920e-01,7.2971e-06,4.0731e-06,5.9108e-05,1.2164e-04,1.5712e-05,5.6427e-04,2.4762e-05
1,0,1,0,0,0,0,0,0,1,0,0,0,0,0,5,0,4,0,1,0,0,9.9972e-01,4.1097e-06,2.6411e-06,4.2338e-05,5.0722e-06,8.9833e-06,2.0793e-04,1.3558e-05
1,0,0,0,0,1,0,0,0,0,0,0,1,0,0,0,0,1,0,0,0,9,9.9814e-01,3.1482e-05,6.9784e-06,7.3134e-04,1.5531e-05,4.4556e-05,9.8855e-04,4.0470e-05
1,0,1,0,0,0,0,0,0,1,0,0,0,0,0,9,0,0,0,1,0,0,9.9988e-01,3.9097e-06,5.4535e-06,1.7356e-06,9.1175e-05,4.5599e-06,6.4721e-06,1.0695e-05
2,0,1,0,0,0,0,0,0,0,0,1,0,0,0,3,0,0,7,0,0,0,9.9985e-01,1.8096e-05,2.3540e-05,6.5137e-07,2.9703e-05,7.5598e-06,5.2053e-05,1.5335e-05
1,0,1,0,0,0,0,0,0,1,0,0,0,0,0,5,0,0,0,3,2,0,9.9980e-01,4.3241e-06,2.7117e-06,1.5622e-06,8.1580e-06,1.7735e-05,2.8009e-06,1.6246e-04
7,0,0,0,0,0,0,1,0,1,0,0,0,0,0,4,0,3,0,2,0,1,9.9983e-01,1.4332e-05,2.7950e-05,2.3101e-05,2.7616e-06,4.5286e-05,2.3334e-05,3.2270e-05
1,0,1,0,0,0,0,0,0,1,0,0,0,0,0,9,0,0,0,1,0,0,9.9998e-01,1.5160e-06,1.1530e-06,2.2692e-06,7.7527e-06,1.0744e-06,1.3312e-06,5.1477e-06
1,0,1,0,0,0,0,0,0,1,0,0,0,0,0,8,0,2,0,0,0,0,9.9978e-01,3.9844e-06,1.5966e-06,2.0289e-06,1.6695e-04,7.3019e-06,3.1692e-05,5.6236e-06
1,0,1,0,0,0,0,0,0,1,0,0,0,0,0,5,0,2,0,1,0,2,9.9994e-01,9.4132e-06,6.0024e-07,2.0595e-05,1.5462e-06,2.1762e-06,2.3525e-05,4.7696e-06
2,0,1,0,0,0,0,0,0,0,0,0,1,0,0,4,0,1,0,0,0,5,9.9997e-01,3.1881e-06,2.5792e-06,8.5850e-06,2.8861e-06,3.8161e-06,5.7450e-06,5.5212e-06
1,0,1,0,0,0,0,0,0,1,0,0,0,0,0,6,1,0,3,0,0,0,9.9997e-01,5.8885e-06,1.5178e-05,4.2975e-07,3.2198e-06,2.4100e-06,1.8142e-06,3.3637e-06
1,0,1,0,0,0,0,0,0,1,0,0,0,0,0,8,0,2,0,0,0,0,9.9999e-01,7.8886e-07,2.8233e-07,7.1426e-07,2.3039e-06,7.0983e-07,1.0497e-06,1.7424e-06
1,0,1,0,0,0,0,0,0,1,0,0,0,0,0,5,1,1,0,0,3,0,9.9995e-01,5.3228e-06,3.8041e-06,1.3485e-05,1.6012e-06,1.8052e-06,4.5984e-06,2.1871e-05
3,0,1,0,0,0,0,0,0,1,0,0,0,0,0,5,1,0,2,1,1,0,9.9998e-01,4.5076e-06,4.3691e-06,7.4696e-07,1.4227e-06,2.2351e-06,1.3056e-06,7.7412e-06
1,0,1,0,0,0,0,0,0,1,0,0,0,0,0,6,1,1,0,2,0,0,9.9999e-01,9.9468e-07,9.8605e-07,1.8386e-06,4.4873e-07,2.2683e-06,3.3074e-07,1.5481e-06
1,0,1,0,0,0,0,0,0,1,0,0,0,0,0,8,0,1,0,1,0,0,9.9997e-01,4.2293e-06,3.0141e-06,8.5924e-07,6.6861e-06,4.5509e-06,2.1066e-06,1.2831e-05
1,0,1,0,0,0,0,0,0,1,0,0,0,0,0,5,0,4,0,1,0,0,9.9998e-01,3.0327e-06,8.7911e-07,2.6700e-06,6.2289e-07,3.6783e-06,3.0204e-06,3.3953e-06
1,0,1,0,0,0,0,0,0,1,0,0,0,0,0,5,1,1,0,2,1,0,9.9997e-01,1.1065e-05,1.7213e-06,6.9082e-06,7.0804e-07,2.4300e-06,1.6633e-06,6.0770e-06
1,0,1,0,0,0,0,0,0,1,0,0,0,0,0,7,1,2,0,0,0,0,9.9998e-01,2.5454e-06,3.3129e-06,1.8623e-06,2.0481e-06,1.8560e-06,8.5499e-07,3.3569e-06
6,0,0,0,0,0,0,1,0,0,0,0,0,0,1,2,0,0,2,6,0,0,9.9911e-01,1.9625e-05,6.5309e-04,4.2139e-06,4.2003e-06,1.2727e-04,1.3304e-05,7.0368e-05
1,0,1,0,0,0,0,0,0,0,0,0,0,0,1,4,0,0,0,6,0,0,9.9980e-01,2.0799e-05,2.0868e-06,8.3689e-06,1.3934e-06,9.4428e-05,9.7512e-06,6.0731e-05
1,0,1,0,0,0,0,0,0,1,0,0,0,0,0,7,0,2,0,1,0,0,9.9995e-01,5.4323e-06,1.3907e-06,8.3359e-06,1.9378e-05,4.1469e-06,4.1456e-06,9.6575e-06
1,0,1,0,0,0,0,0,0,1,0,0,0,0,0,9,0,0,0,1,0,0,9.9970e-01,2.1550e-05,2.2561e-06,1.5616e-05,2.2370e-04,1.5311e-05,3.7337e-06,2.2573e-05
1,0,1,0,0,0,0,0,0,1,0,0,0,0,0,8,0,1,0,1,0,0,9.9996e-01,4.1798e-06,2.3126e-06,1.2497e-06,1.2909e-05,7.2506e-06,2.1353e-06,1.0188e-05
1,0,1,0,0,0,0,0,0,1,0,0,0,0,0,4,0,2,0,4,0,0,9.9990e-01,1.0468e-06,5.5893e-06,1.2204e-06,3.2959e-06,2.5309e-05,3.6901e-05,2.4943e-05
1,0,1,0,0,0,0,0,0,1,0,0,0,0,0,7,0,1,0,2,0,0,9.9996e-01,3.3511e-06,1.9421e-06,8.7585e-06,4.5705e-06,5.7070e-06,2.4248e-06,8.4291e-06
1,0,1,0,0,0,0,0,0,1,0,0,0,0,0,8,0,1,0,1,0,0,9.9998e-01,1.0027e-06,9.4735e-07,7.4741e-07,3.4046e-06,4.9670e-06,2.5735e-06,5.8165e-06
1,0,1,0,0,0,0,0,0,1,0,0,0,0,0,5,0,4,0,1,0,0,9.9993e-01,4.2529e-06,2.5442e-06,7.0688e-07,4.6297e-06,4.2998e-06,4.6921e-05,9.7892e-06
1,0,1,0,0,0,0,0,0,1,0,0,0,0,0,6,1,1,2,0,0,0,9.9996e-01,5.2358e-06,4.3956e-06,4.4851e-07,4.0276e-06,3.7208e-06,3.3847e-06,1.4092e-05
1,1,0,0,0,0,0,0,0,0,0,0,1,0,0,0,0,3,0,0,0,7,9.9826e-01,2.6658e-04,2.8157e-04,9.6523e-05,3.6238e-05,1.5535e-04,6.8908e-04,2.1537e-04
1,0,1,0,0,0,0,0,0,1,0,0,0,0,0,5,1,1,3,0,0,0,9.9994e-01,1.7070e-05,1.0013e-05,3.5320e-06,1.5772e-06,6.3695e-06,3.0184e-06,1.9990e-05
1,0,1,0,0,0,0,0,0,1,0,0,0,0,0,9,0,1,0,0,0,0,9.9998e-01,3.7751e-06,1.0291e-06,2.8680e-06,7.1638e-06,3.8303e-06,2.5847e-06,3.4327e-06
1,0,1,0,0,0,0,0,0,1,0,0,0,0,0,5,0,5,0,0,0,0,9.9988e-01,1.9654e-06,1.4209e-06,1.6710e-06,4.1869e-06,5.0869e-06,1.0188e-04,3.9586e-06
1,0,1,0,0,0,0,0,0,1,0,0,0,0,0,6,0,1,0,1,1,1,9.9993e-01,5.3952e-06,8.5520e-06,7.0453e-06,2.5163e-05,4.4327e-06,1.0359e-05,1.3866e-05
1,0,1,0,0,0,0,0,0,1,0,0,0,0,0,5,1,1,3,0,0,0,9.9992e-01,1.7098e-05,1.1514e-05,8.5636e-06,1.3079e-06,7.4048e-06,6.5086e-06,2.9868e-05
1,0,1,0,0,0,0,0,0,1,0,0,0,0,0,10,0,0,0,0,0,0,9.9951e-01,1.9006e-06,7.6863e-07,8.8690e-06,4.1815e-04,1.5826e-05,3.3205e-05,1.3986e-05
1,0,1,0,0,0,0,0,0,1,0,0,0,0,0,5,1,2,2,0,0,0,9.9998e-01,2.3861e-06,2.8866e-06,2.3413e-06,1.0457e-06,4.8726e-06,2.3741e-06,4.9123e-06
1,0,1,0,0,0,0,0,0,1,0,0,0,0,0,4,1,0,0,3,0,2,9.9984e-01,3.4368e-05,4.4233e-06,7.9656e-05,7.0800e-07,2.1239e-05,6.9171e-07,2.3464e-05
1,0,1,0,0,0,0,0,0,1,0,0,0,0,0,5,0,5,0,0,0,0,9.9996e-01,2.5987e-06,7.6717e-07,7.8244e-06,6.6451e-07,1.7713e-06,1.6659e-05,8.8069e-06
1,0,1,0,0,0,0,0,0,1,0,0,0,0,0,5,1,1,1,2,0,0,9.9996e-01,6.1701e-06,5.3422e-06,1.0800e-05,1.5195e-06,4.4029e-06,2.9753e-06,8.9045e-06
1,0,1,0,0,0,0,0,0,1,0,0,0,0,0,8,0,1,0,1,0,0,9.9957e-01,4.3515e-06,1.2663e-05,8.7197e-07,3.3151e-04,5.1232e-05,2.5925e-05,7.6061e-06
1,0,1,0,0,0,0,0,0,1,0,0,0,0,0,5,0,3,0,0,0,2,9.9993e-01,4.1002e-06,4.9434e-07,2.0580e-05,8.4940e-06,1.1770e-05,1.5070e-05,1.1134e-05
1,0,1,0,0,0,0,0,0,1,0,0,0,0,0,7,0,2,0,1,0,0,9.9995e-01,2.1419e-06,2.0214e-06,9.2008e-06,4.7974e-06,1.3924e-05,1.0724e-05,8.0289e-06
1,0,1,0,0,0,0,0,0,1,0,0,0,0,0,5,1,1,0,2,0,1,9.9998e-01,1.8569e-06,3.5929e-06,4.9192e-06,1.5161e-07,2.5062e-06,7.3306e-07,1.9031e-06
1,0,1,0,0,0,0,0,0,1,0,0,0,0,0,7,0,0,0,0,0,3,9.9995e-01,6.6767e-06,4.6977e-06,2.6171e-05,1.5235e-06,5.2432e-07,1.0056e-06,5.1885e-06
1,0,1,0,0,0,0,0,0,1,0,0,0,0,0,5,0,0,0,1,2,2,9.9998e-01,9.1561e-07,7.1616e-07,1.0817e-05,2.3277e-06,1.3092e-06,1.7369e-06,5.1516e-06
1,0,1,0,0,0,0,0,0,1,0,0,0,0,0,7,1,2,0,0,0,0,9.9999e-01,6.3420e-07,3.7286e-07,1.3122e-06,2.4325e-06,1.1653e-06,4.5389e-07,1.3528e-06
6,0,0,0,0,0,0,1,0,1,0,0,0,0,0,4,0,0,3,3,0,0,9.9955e-01,9.4349e-06,3.4101e-04,1.1790e-05,2.9720e-06,3.4396e-05,1.9948e-05,3.3698e-05
1,0,1,0,0,0,0,0,0,1,0,0,0,0,0,7,0,1,0,1,1,0,9.9995e-01,1.4447e-05,1.1525e-06,5.5762e-06,3.2044e-06,3.5898e-06,5.0524e-06,1.7637e-05
1,0,1,0,0,0,0,0,0,1,0,0,0,0,0,5,0,3,0,0,0,2,9.9933e-01,9.5615e-06,4.7055e-06,6.0467e-05,1.1289e-05,6.7343e-06,5.5413e-04,1.8075e-05
1,0,1,0,0,0,0,0,0,1,0,0,0,0,0,9,0,0,0,0,0,1,9.9988e-01,6.8959e-06,1.0955e-05,1.9818e-06,7.7151e-05,3.1940e-06,1.0974e-05,7.7275e-06
1,0,1,0,0,0,0,0,0,1,0,0,0,0,0,6,0,3,0,1,0,0,9.9997e-01,4.5907e-06,2.4559e-06,6.7586e-07,8.2575e-06,1.9452e-06,8.3899e-06,4.8992e-06
1,0,1,0,0,0,0,0,0,1,0,0,0,0,0,5,1,0,2,2,0,0,9.9999e-01,1.7916e-06,1.7274e-06,2.2043e-06,9.4798e-07,2.0417e-06,5.7955e-07,1.4767e-06
1,0,1,0,0,0,0,0,0,1,0,0,0,0,0,4,0,0,1,4,1,0,9.9997e-01,6.4978e-06,2.3729e-06,8.4762e-06,7.2347e-07,4.5024e-06,3.3144e-06,5.7666e-06
1,0,1,0,0,0,0,0,0,1,0,0,0,0,0,4,1,1,4,0,0,0,9.9992e-01,1.3056e-05,3.4818e-05,5.8918e-06,8.9462e-07,5.1193e-06,5.3870e-06,1.1747e-05
1,0,1,0,0,0,0,0,0,0,0,1,0,0,0,3,2,0,5,0,0,0,9.9986e-01,5.5605e-05,2.7802e-05,7.0116e-06,2.9122e-06,1.0545e-05,9.4860e-06,2.2890e-05
1,0,1,0,0,0,0,0,0,0,0,1,0,0,0,3,0,0,6,0,1,0,9.9990e-01,1.4753e-05,2.2925e-05,3.4519e-06,2.8109e-06,6.6477e-06,4.4841e-06,3.9926e-05
1,0,1,0,0,0,0,0,0,1,0,0,0,0,0,5,1,1,1,1,1,0,9.9998e-01,1.5368e-06,1.3965e-06,1.4080e-06,1.7213e-06,1.5087e-06,1.5982e-06,6.6001e-06
2,0,1,0,0,0,0,0,1,0,0,0,0,0,0,3,0,5,0,1,1,0,9.9994e-01,9.1798e-06,7.1839e-07,2.8660e-06,4.2472e-06,9.8753e-06,1.9389e-05,1.2879e-05
1,0,1,0,0,0,0,0,0,1,0,0,0,0,0,5,0,3,0,0,2,0,9.9995e-01,3.4123e-06,7.3142e-07,8.0862e-06,1.7372e-06,2.1918e-06,2.1271e-05,1.0156e-05
1,0,1,0,0,0,0,0,0,0,1,0,0,0,0,4,6,0,0,0,0,0,9.9981e-01,1.5736e-04,5.0520e-06,1.8121e-05,8.6751e-07,7.9599e-06,8.6245e-07,1.9746e-06
1,0,1,0,0,0,0,0,0,0,0,1,0,0,0,4,0,0,6,0,0,0,9.9986e-01,1.1049e-05,9.3163e-05,1.3464e-06,3.3494e-06,3.1257e-06,2.9613e-06,2.2224e-05
1,0,1,0,0,0,0,0,0,1,0,0,0,0,0,4,0,2,0,1,0,3,9.9980e-01,1.4495e-05,1.5941e-06,1.2481e-04,2.3564e-06,1.2923e-05,2.0085e-05,2.0073e-05
1,0,1,0,0,0,0,0,0,1,0,0,0,0,0,6,0,3,0,1,0,0,9.9993e-01,2.8430e-06,6.9477e-06,4.9251e-07,1.0802e-05,5.6245e-06,7.5883e-06,3.8723e-05
1,0,1,0,0,0,0,0,0,1,0,0,0,0,0,5,0,1,0,4,0,0,9.9995e-01,1.9577e-06,2.8210e-06,3.4329e-06,6.0770e-06,2.5055e-05,4.9780e-06,6.4357e-06
4,0,0,0,0,1,0,0,0,0,0,0,1,0,0,2,0,2,0,1,0,5,9.9862e-01,9.4420e-06,1.2954e-06,7.6861e-04,5.8656e-05,1.3302e-04,3.7248e-04,4.0214e-05
1,0,1,0,0,0,0,0,0,1,0,0,0,0,0,8,0,1,0,1,0,0,9.9989e-01,2.9987e-06,1.0150e-06,1.9154e-05,5.5838e-05,9.5038e-06,9.8061e-06,8.7096e-06
1,0,1,0,0,0,0,0,0,1,0,0,0,0,0,5,1,1,3,0,0,0,9.9999e-01,3.1466e-06,3.4590e-06,7.5617e-07,5.8281e-07,1.6185e-06,4.5866e-07,3.2767e-06
2,1,0,0,0,0,0,0,1,0,0,0,0,0,0,2,0,4,0,0,0,4,9.9988e-01,3.5977e-06,9.1871e-07,5.4015e-06,3.8801e-05,2.7259e-06,5.4016e-05,1.5680e-05
1,0,1,0,0,0,0,0,0,1,0,0,0,0,0,9,0,0,0,0,0,1,9.9991e-01,3.0832e-06,2.0991e-06,5.6214e-06,1.1295e-05,1.5890e-06,5.7917e-05,7.2301e-06
2,0,0,0,0,0,1,0,0,0,0,0,0,1,0,2,0,3,0,2,3,0,9.9982e-01,3.4751e-06,9.6558e-06,4.2890e-05,1.9350e-06,3.1735e-05,4.5964e-05,4.6384e-05
1,0,1,0,0,0,0,0,0,1,0,0,0,0,0,5,0,1,0,4,0,0,9.9986e-01,8.9386e-06,1.6806e-06,2.5087e-06,1.2792e-05,7.8156e-05,4.4725e-06,3.3809e-05
1,0,1,0,0,0,0,0,0,1,0,0,0,0,0,5,0,1,0,3,0,1,9.9999e-01,1.8359e-06,6.6085e-07,1.3182e-06,1.2364e-06,4.7130e-06,1.1720e-06,3.0685e-06
1,0,1,0,0,0,0,0,0,1,0,0,0,0,0,6,0,3,0,1,0,0,9.9962e-01,9.7908e-06,1.0273e-05,8.9791e-07,2.3695e-04,1.9058e-05,8.9563e-05,1.4473e-05
1,0,1,0,0,0,0,0,0,0,0,1,0,0,0,3,1,0,6,0,0,0,9.9996e-01,5.3627e-06,1.4776e-05,4.0287e-06,2.5540e-07,2.4855e-06,2.3813e-06,6.4942e-06
1,0,1,0,0,0,0,0,0,1,0,0,0,0,0,6,1,2,0,0,1,0,9.9990e-01,2.6207e-05,4.9769e-06,3.9729e-05,7.5806e-07,6.5466e-06,7.7751e-06,1.8702e-05
1,0,1,0,0,0,0,0,0,1,0,0,0,0,0,5,0,0,1,3,0,1,9.9996e-01,7.6777e-06,4.3443e-06,7.0163e-06,4.2268e-06,8.7080e-06,1.9275e-06,6.1153e-06
1,0,1,0,0,0,0,0,0,1,0,0,0,0,0,5,1,0,4,0,0,0,9.9996e-01,4.7618e-06,8.7864e-06,2.7012e-06,1.8188e-06,4.2372e-06,6.6259e-06,9.2915e-06
4,0,1,0,0,0,0,0,0,1,0,0,0,0,0,5,1,2,0,2,0,0,9.9994e-01,6.7377e-06,1.2581e-05,1.8645e-06,2.5294e-06,7.1203e-06,7.1012e-06,2.4908e-05
1,0,1,0,0,0,0,0,0,0,0,0,0,0,1,4,0,0,0,6,0,0,9.9904e-01,1.1957e-05,1.7727e-05,5.2755e-06,4.6130e-05,8.2869e-04,1.0141e-05,4.1458e-05
7,0,1,0,0,0,0,0,0,1,0,0,0,0,0,8,0,1,0,1,0,0,9.9991e-01,1.3738e-06,1.5326e-06,7.4087e-07,2.2396e-05,5.2565e-05,1.2168e-06,1.0971e-05
6,0,0,0,0,0,0,1,0,0,0,0,0,0,1,0,0,0,0,10,0,0,9.9896e-01,1.9342e-05,2.4668e-05,3.8746e-05,8.2681e-07,9.3268e-04,4.3254e-06,1.9123e-05
1,0,1,0,0,0,0,0,0,1,0,0,0,0,0,5,1,2,0,2,0,0,9.9980e-01,3.6377e-05,1.4922e-05,4.1535e-06,5.5742e-06,1.1000e-04,5.8060e-06,1.9958e-05
6,0,0,0,0,0,0,1,0,0,0,0,0,0,1,0,0,0,0,10,0,0,9.9969e-01,5.6517e-06,1.0317e-05,4.5422e-06,8.2182e-06,2.3545e-04,3.0445e-06,3.8019e-05
1,0,1,0,0,0,0,0,0,1,0,0,0,0,0,5,0,3,0,1,1,0,9.9998e-01,5.2966e-06,4.0409e-06,1.1945e-06,1.6592e-06,5.7174e-06,2.9026e-06,4.1117e-06
1,0,1,0,0,0,0,0,0,1,0,0,0,0,0,5,0,3,0,2,0,0,9.9991e-01,4.6561e-06,2.6069e-06,3.3299e-06,1.3125e-06,5.7171e-05,1.0036e-05,1.0719e-05
6,0,0,0,0,0,0,1,0,0,0,0,0,0,1,2,0,0,0,8,0,0,9.9947e-01,6.8596e-06,7.0674e-06,1.2438e-05,2.7232e-06,4.2227e-04,2.4409e-05,5.2942e-05
7,0,0,0,0,0,0,1,1,0,0,0,0,0,0,3,0,4,0,3,0,0,9.9989e-01,1.1448e-05,2.4748e-06,1.9592e-05,8.9128e-07,4.7532e-05,1.1688e-05,1.6400e-05
1,0,1,0,0,0,0,0,0,1,0,0,0,0,0,5,0,0,0,3,2,0,9.9994e-01,7.4146e-06,4.0748e-06,1.5738e-06,1.4293e-06,1.2561e-05,4.7330e-06,3.3077e-05
1,0,1,0,0,0,0,0,0,0,0,1,0,0,0,1,2,1,5,1,0,0,9.9871e-01,2.0733e-04,1.9008e-04,4.1594e-05,2.9917e-05,6.4396e-04,8.0112e-05,1.0093e-04
1,0,1,0,0,0,0,0,0,1,0,0,0,0,0,5,0,0,0,5,0,0,9.9978e-01,1.9969e-06,6.0300e-06,1.4029e-06,6.8431e-06,1.8240e-04,7.0616e-06,1.1644e-05
1,0,1,0,0,0,0,0,0,1,0,0,0,0,0,7,0,2,0,1,0,0,9.9994e-01,4.2528e-06,8.2207e-07,5.1258e-06,2.4486e-05,7.7003e-06,2.3480e-06,1.9299e-05
0,1,0,0,0,0,0,0,1,0,0,0,0,0,0,0,0,8,0,2,0,0,9.9878e-01,5.5128e-06,4.1555e-06,5.3154e-05,1.8798e-05,3.0225e-04,7.8583e-04,4.5923e-05
1,0,1,0,0,0,0,0,0,1,0,0,0,0,0,6,1,2,0,1,0,0,9.9984e-01,6.4416e-06,1.4554e-06,4.6684e-05,2.9481e-06,1.9139e-05,7.3428e-05,1.3271e-05
1,0,1,0,0,0,0,0,0,1,0,0,0,0,0,6,0,3,0,1,0,0,9.9995e-01,3.4450e-06,3.2375e-07,2.0985e-05,1.6494e-06,6.3003e-06,1.4045e-05,5.1952e-06
0,1,0,0,0,0,0,0,1,0,0,0,0,0,0,1,0,8,0,0,0,1,9.9977e-01,4.7394e-06,6.6683e-06,4.7845e-05,8.0892e-06,8.8249e-06,1.4023e-04,1.6541e-05
1,0,1,0,0,0,0,0,0,1,0,0,0,0,0,9,0,1,0,0,0,0,9.9968e-01,1.9236e-05,1.3139e-05,2.2723e-05,1.3648e-04,2.0866e-05,7.5687e-05,3.4070e-05
1,0,1,0,0,0,0,0,0,1,0,0,0,0,0,5,1,0,2,0,2,0,9.9995e-01,1.2287e-05,6.0155e-06,5.6514e-06,1.0477e-06,2.6704e-06,3.4538e-06,1.9436e-05
1,0,1,0,0,0,0,0,1,0,0,0,0,0,0,4,0,5,0,1,0,0,9.9936e-01,1.6245e-06,1.5234e-06,1.5527e-06,1.8735e-04,9.1497e-06,4.0446e-04,3.1855e-05
1,0,1,0,0,0,0,0,0,1,0,0,0,0,0,5,0,2,0,1,0,2,9.9966e-01,1.0731e-05,1.8998e-05,4.8839e-05,2.6054e-05,3.3317e-05,1.1677e-04,8.3326e-05
1,0,1,0,0,0,0,0,0,1,0,0,0,0,0,5,1,1,3,0,0,0,9.9996e-01,1.3670e-05,9.7379e-06,1.9997e-07,2.2659e-06,1.4474e-06,4.1631e-06,6.8504e-06
6,0,0,0,0,0,0,1,0,0,0,1,0,0,0,1,0,0,7,2,0,0,9.9993e-01,5.6939e-06,2.5215e-05,5.1811e-06,6.3082e-07,1.8021e-05,1.3973e-06,8.9468e-06
1,0,1,0,0,0,0,0,0,1,0,0,0,0,0,10,0,0,0,0,0,0,9.9758e-01,1.2684e-05,1.1911e-05,1.0036e-05,1.8700e-03,2.2059e-05,1.4640e-04,3.4773e-04
1,0,1,0,0,0,0,0,0,1,0,0,0,0,0,5,1,3,0,1,0,0,9.9998e-01,2.5694e-06,1.8990e-06,2.2426e-06,1.3192e-06,4.6784e-06,4.4940e-06,4.5860e-06
1,0,1,0,0,0,0,0,0,1,0,0,0,0,0,6,1,1,1,1,0,0,9.9998e-01,1.3609e-06,1.6150e-06,5.1258e-07,2.2388e-06,2.1792e-06,1.9903e-06,7.0909e-06
1,0,1,0,0,0,0,0,0,0,0,1,0,0,0,2,1,0,7,0,0,0,9.9994e-01,1.7217e-05,2.0049e-05,9.8807e-07,8.9608e-07,3.1247e-06,4.0058e-06,1.5434e-05
1,0,1,0,0,0,0,0,0,1,0,0,0,0,0,5,1,1,1,2,0,0,9.9996e-01,7.0711e-06,2.2834e-06,1.8928e-06,4.0523e-06,5.8658e-06,2.1230e-06,1.3290e-05
1,0,1,0,0,0,0,0,0,1,0,0,0,0,0,5,1,3,0,1,0,0,9.9993e-01,5.2702e-06,3.7301e-06,3.9467e-05,2.1309e-06,4.0080e-06,4.5815e-06,5.9277e-06
1,0,1,0,0,0,0,0,0,1,0,0,0,0,0,6,1,1,1,1,0,0,9.9997e-01,5.3709e-06,5.2399e-06,5.0651e-06,5.6339e-06,1.8200e-06,5.2122e-07,4.0139e-06
1,0,1,0,0,0,0,0,0,1,0,0,0,0,0,4,1,0,3,0,2,0,9.9994e-01,2.8637e-06,5.8074e-06,2.7922e-06,1.7392e-05,3.6393e-06,2.5818e-06,2.7182e-05
1,0,1,0,0,0,0,0,0,1,0,0,0,0,0,6,1,1,0,2,0,0,9.9999e-01,3.1124e-06,1.5543e-06,9.3746e-07,1.6225e-06,1.7666e-06,4.9858e-07,3.9755e-06
1,0,1,0,0,0,0,0,0,1,0,0,0,0,0,8,0,2,0,0,0,0,9.9989e-01,8.8748e-06,2.0072e-06,5.4722e-05,1.8396e-05,7.8258e-06,1.2221e-05,7.6584e-06
1,0,1,0,0,0,0,0,0,1,0,0,0,0,0,6,0,2,0,2,0,0,9.9990e-01,6.9181e-06,7.6788e-07,5.9315e-06,3.2423e-05,2.9666e-05,1.5434e-05,6.0899e-06
1,0,1,0,0,0,0,0,0,1,0,0,0,0,0,5,0,1,3,0,1,0,9.9995e-01,2.4517e-05,2.6394e-06,7.8384e-07,3.7950e-06,2.5743e-06,3.7673e-06,7.3509e-06
1,0,1,0,0,0,0,0,0,0,0,1,0,0,0,3,1,0,6,0,0,0,9.9996e-01,7.1729e-06,2.7235e-05,1.7571e-07,8.7534e-07,1.7799e-06,6.1902e-07,7.0701e-06
1,0,1,0,0,0,0,0,0,1,0,0,0,0,0,7,0,1,0,2,0,0,9.9998e-01,2.9982e-06,3.2721e-06,1.7527e-06,7.0262e-07,4.6476e-06,8.6056e-07,3.6360e-06
1,0,1,0,0,0,0,0,0,1,0,0,0,0,0,5,0,4,0,0,1,0,9.9996e-01,2.7142e-06,1.7434e-06,1.8628e-05,4.0147e-07,1.8349e-06,8.3021e-06,3.5424e-06
1,0,1,0,0,0,0,0,0,1,0,0,0,0,0,6,0,2,0,0,1,1,9.9995e-01,1.2468e-05,8.2958e-07,7.4849e-06,9.1824e-06,1.3897e-06,9.0027e-06,9.3814e-06
1,0,1,0,0,0,0,0,0,1,0,0,0,0,0,5,0,3,0,2,0,0,9.9985e-01,6.7691e-06,8.6202e-06,2.7036e-05,9.1795e-06,1.1477e-05,5.8241e-05,2.5193e-05
4,0,1,0,0,0,0,0,0,1,0,0,0,0,0,5,1,1,1,2,0,0,9.9992e-01,1.8322e-05,1.3240e-05,1.8073e-05,2.4582e-06,6.4466e-06,2.4779e-06,1.5024e-05
1,0,1,0,0,0,0,0,0,1,0,0,0,0,0,4,1,0,3,2,0,0,9.9998e-01,2.6675e-06,7.8297e-06,1.0052e-06,6.5324e-07,4.0178e-06,1.6485e-06,5.2302e-06
2,0,1,0,0,0,0,0,0,0,0,1,0,0,0,2,1,0,7,0,0,0,9.9876e-01,1.8955e-05,1.0553e-03,2.6271e-05,4.9460e-06,2.5803e-05,4.5357e-06,1.0421e-04
1,0,1,0,0,0,0,0,0,1,0,0,0,0,0,7,0,2,0,1,0,0,9.9897e-01,8.5774e-06,1.0799e-05,9.5245e-06,5.7851e-04,1.4914e-04,2.3904e-04,2.9813e-05
1,0,1,0,0,0,0,0,0,1,0,0,0,0,0,4,0,2,0,1,3,0,9.9897e-01,4.3317e-06,7.3586e-06,2.0029e-06,1.0525e-04,7.1867e-05,3.3215e-05,8.0225e-04
1,0,1,0,0,0,0,0,0,1,0,0,0,0,0,6,0,0,0,1,0,3,9.9993e-01,1.0560e-05,8.3095e-07,3.0470e-05,7.0374e-06,9.0252e-06,3.9693e-06,1.2343e-05
1,0,1,0,0,0,0,0,0,1,0,0,0,0,0,9,0,1,0,0,0,0,9.9991e-01,5.8498e-06,2.4536e-06,4.4862e-06,3.3489e-05,7.0241e-06,1.7374e-05,1.6974e-05
1,0,1,0,0,0,0,0,0,1,0,0,0,0,0,5,0,2,0,2,1,0,9.9998e-01,6.9075e-07,1.5884e-06,1.0879e-06,3.6273e-06,6.3832e-06,1.8295e-06,7.8826e-06
1,0,1,0,0,0,0,0,0,1,0,0,0,0,0,5,1,1,2,1,0,0,9.9995e-01,6.7137e-06,1.0869e-05,8.6791e-06,3.7954e-06,4.1510e-06,3.8133e-06,1.4953e-05
1,0,1,0,0,0,0,0,0,1,0,0,0,0,0,9,0,1,0,0,0,0,9.9998e-01,9.3086e-07,9.5399e-07,1.4480e-06,6.0190e-06,3.4931e-06,4.9978e-06,1.6096e-06
1,0,1,0,0,0,0,0,0,1,0,0,0,0,0,8,0,1,0,1,0,0,9.9995e-01,1.6771e-06,9.8515e-07,7.6033e-06,1.9621e-05,3.4762e-06,9.1813e-06,4.0792e-06
1,0,1,0,0,0,0,0,0,1,0,0,0,0,0,9,0,0,1,0,0,0,9.9887e-01,1.7972e-05,5.3328e-04,1.3119e-05,4.0786e-04,2.6269e-05,1.5726e-05,1.1233e-04
1,0,1,0,0,0,0,0,0,1,0,0,0,0,0,5,0,2,0,0,3,0,9.9998e-01,9.0813e-07,5.7743e-07,1.6750e-06,1.6611e-06,2.2303e-06,1.8447e-06,1.2043e-05
1,0,1,0,0,0,0,0,0,1,0,0,0,0,0,5,0,3,0,1,1,0,9.9996e-01,3.7783e-06,2.2011e-06,4.0673e-06,2.1167e-06,8.0180e-06,8.6839e-06,1.2217e-05
1,0,1,0,0,0,0,0,0,1,0,0,0,0,0,5,1,1,2,1,0,0,9.9995e-01,9.7483e-06,4.8029e-06,5.8147e-06,2.6826e-06,1.0782e-05,2.2915e-06,9.9445e-06
0,1,0,0,0,0,0,0,1,0,0,0,0,0,0,1,0,9,0,0,0,0,9.9896e-01,8.4353e-06,1.1318e-05,9.7421e-07,4.2171e-05,9.6297e-06,9.5904e-04,1.2841e-05
5,0,0,0,0,1,0,0,0,0,1,0,0,0,0,2,6,0,1,0,0,1,9.9996e-01,1.1472e-05,5.0644e-06,5.2308e-06,4.2520e-07,4.6023e-06,3.5779e-06,1.0177e-05
5,1,0,0,0,0,0,0,0,1,0,0,0,0,0,4,0,3,0,0,0,3,9.9947e-01,3.7725e-05,8.4635e-07,1.8185e-04,2.5251e-05,2.3715e-06,2.6792e-04,1.6497e-05
5,0,1,0,0,0,0,0,0,1,0,0,0,0,0,3,3,2,0,0,0,2,9.9983e-01,2.5570e-05,6.9177e-06,3.5538e-05,9.6911e-06,9.0165e-06,5.7089e-05,3.1011e-05
1,0,1,0,0,0,0,0,0,1,0,0,0,0,0,7,0,1,0,1,0,1,9.9976e-01,1.2627e-05,6.5315e-07,1.9367e-04,1.6608e-05,6.4773e-06,7.1254e-06,5.4582e-06
7,0,1,0,0,0,0,0,0,1,0,0,0,0,0,4,1,0,4,1,0,0,9.9996e-01,4.2438e-06,1.4591e-05,1.2757e-06,2.7752e-06,1.8683e-06,2.1113e-06,1.3268e-05
1,0,1,0,0,0,0,0,0,1,0,0,0,0,0,8,0,1,0,1,0,0,9.9996e-01,1.7070e-06,7.7164e-07,2.4832e-06,6.0698e-06,1.1015e-05,5.0759e-06,1.2041e-05
1,0,1,0,0,0,0,0,0,1,0,0,0,0,0,5,1,1,2,1,0,0,9.9997e-01,1.1348e-05,1.2622e-06,4.6154e-06,1.0315e-06,3.2615e-06,1.3897e-06,7.7178e-06
4,0,0,0,0,1,0,0,0,0,0,0,1,0,0,0,0,3,0,0,0,7,9.9928e-01,6.5353e-05,1.7577e-05,1.8036e-04,1.8096e-05,8.2068e-05,3.2482e-04,3.5189e-05
0,1,0,0,0,0,0,0,1,0,0,0,0,0,0,4,0,5,0,0,0,1,9.9995e-01,5.7872e-06,2.5540e-06,1.3142e-05,8.5798e-07,3.0718e-06,2.1048e-05,7.7289e-06
4,0,0,0,0,1,0,0,0,0,0,0,1,0,0,1,0,3,0,0,1,5,9.9997e-01,3.5387e-06,3.3085e-06,8.0137e-06,5.8000e-07,2.4928e-06,1.0064e-05,5.6122e-06
5,0,1,0,0,0,0,0,0,1,0,0,0,0,0,4,0,2,0,0,0,4,9.9849e-01,1.4385e-04,8.9007e-07,1.1432e-03,3.7333e-05,1.2200e-05,1.6048e-04,1.2247e-05
5,0,1,0,0,0,0,0,0,1,0,0,0,0,0,5,1,1,0,0,0,3,9.9996e-01,1.1933e-05,6.9758e-07,1.0633e-05,1.3280e-06,3.0869e-06,5.8541e-07,6.7544e-06
7,0,0,0,0,0,0,1,0,0,0,1,0,0,0,2,0,0,4,3,1,0,9.9991e-01,3.7274e-06,3.3597e-05,2.8934e-06,8.6843e-07,1.8930e-05,1.1253e-06,3.1542e-05
1,0,1,0,0,0,0,0,0,1,0,0,0,0,0,4,4,1,0,1,0,0,9.9924e-01,2.7944e-04,1.7473e-05,1.5328e-04,5.2511e-06,1.8969e-04,9.8436e-06,1.0448e-04
5,0,0,0,0,0,0,1,0,0,0,0,0,0,1,2,0,0,0,6,0,2,9.9803e-01,2.6456e-04,3.3696e-06,5.2697e-04,1.2643e-04,7.1214e-04,3.1604e-04,1.5574e-05
1,0,1,0,0,0,0,0,0,1,0,0,0,0,0,6,0,2,0,0,0,2,9.9995e-01,4.7008e-06,1.0993e-06,2.8682e-05,6.7151e-06,1.8441e-06,4.6748e-06,3.0479e-06
0,1,0,0,0,0,0,0,1,0,0,0,0,0,0,4,0,6,0,0,0,0,9.9965e-01,2.6594e-05,1.9567e-05,8.4285e-06,8.3272e-05,4.0777e-05,1.5266e-04,1.5163e-05
4,0,0,0,0,1,0,0,0,0,0,0,1,0,0,4,0,1,0,0,0,5,9.9962e-01,1.7161e-05,4.4162e-06,3.1076e-04,3.0776e-05,3.7503e-06,1.0143e-05,4.7753e-06
1,0,1,0,0,0,0,0,0,1,0,0,0,0,0,7,2,1,0,0,0,0,9.9926e-01,6.3928e-04,1.9836e-05,7.4473e-06,1.9222e-06,3.4879e-05,2.6939e-05,8.3268e-06
1,0,1,0,0,0,0,0,0,1,0,0,0,0,0,4,1,3,0,1,0,1,9.9998e-01,4.5379e-06,1.0430e-06,6.3741e-06,3.5002e-07,1.5987e-06,2.7268e-06,3.3672e-06
1,0,1,0,0,0,0,0,0,0,0,0,1,0,0,4,1,0,0,0,0,5,9.9980e-01,4.0438e-05,2.0223e-06,1.0584e-04,1.9200e-06,9.3400e-06,2.8375e-05,8.0014e-06
4,0,0,0,0,1,0,0,0,0,0,0,1,0,0,2,1,0,0,0,0,7,9.9973e-01,1.6970e-04,2.1002e-06,5.9262e-05,1.2198e-05,1.2182e-05,7.7999e-06,7.5837e-06
5,0,1,0,0,0,0,0,0,1,0,0,0,0,0,5,0,2,0,1,1,1,9.9986e-01,5.5628e-05,8.4645e-06,1.5018e-05,6.7988e-06,1.2069e-05,2.2075e-05,1.7860e-05
1,0,1,0,0,0,0,0,0,1,0,0,0,0,0,7,1,2,0,0,0,0,9.9998e-01,4.6851e-06,1.3641e-06,6.6922e-07,3.1846e-06,2.2227e-06,4.4107e-06,8.3992e-06
5,0,1,0,0,0,0,0,0,1,0,0,0,0,0,3,0,0,0,2,3,2,9.9991e-01,3.3448e-06,1.4581e-05,2.6957e-05,7.8902e-07,1.1911e-05,1.6841e-05,1.5743e-05
1,0,1,0,0,0,0,0,0,1,0,0,0,0,0,6,0,2,0,2,0,0,9.9996e-01,2.1220e-06,1.2863e-06,6.0921e-06,2.9914e-06,1.3424e-05,6.8010e-06,3.5135e-06
1,0,1,0,0,0,0,0,0,1,0,0,0,0,0,7,0,2,0,1,0,0,9.9998e-01,1.1579e-06,7.0096e-07,7.0408e-06,1.2197e-06,3.3870e-06,1.7428e-06,4.3684e-06
1,0,1,0,0,0,0,0,0,1,0,0,0,0,0,5,0,1,0,4,0,0,9.9989e-01,1.1518e-05,6.7899e-06,4.2459e-05,4.0101e-06,2.5909e-05,5.4389e-06,1.7693e-05
1,0,1,0,0,0,0,0,0,1,0,0,0,0,0,7,0,2,0,1,0,0,9.9994e-01,2.7135e-06,1.9987e-06,1.0028e-05,1.6113e-05,1.2547e-05,5.4772e-06,9.9817e-06
1,0,1,0,0,0,0,0,0,1,0,0,0,0,0,9,0,1,0,0,0,0,9.9994e-01,4.2119e-06,9.4457e-07,4.4213e-06,4.2352e-05,5.3393e-06,1.6968e-06,3.2070e-06
1,0,1,0,0,0,0,0,0,1,0,0,0,0,0,5,0,0,0,0,0,5,9.9990e-01,5.0922e-06,1.4235e-06,8.0690e-05,2.8130e-06,3.9891e-06,1.5586e-06,7.9952e-06
1,0,1,0,0,0,0,0,0,1,0,0,0,0,0,8,1,1,0,0,0,0,9.9999e-01,3.7018e-06,2.3086e-06,1.5530e-06,2.9360e-06,7.8350e-07,3.4955e-07,2.0399e-06
2,0,0,0,0,0,0,1,0,0,0,0,0,0,1,3,0,0,0,7,0,0,9.9993e-01,1.7235e-06,4.9561e-06,2.2714e-06,1.3782e-05,8.5187e-06,1.5500e-06,3.3222e-05
1,0,1,0,0,0,0,0,0,0,0,1,0,0,0,4,1,0,5,0,0,0,9.9997e-01,6.2942e-06,1.3051e-05,4.0809e-07,1.0051e-06,3.7201e-06,1.0257e-06,5.3806e-06
1,0,1,0,0,0,0,0,0,1,0,0,0,0,0,9,0,1,0,0,0,0,9.9999e-01,1.3480e-06,1.7305e-06,1.1261e-06,4.7265e-06,1.2449e-06,7.2934e-07,7.7767e-07
1,0,1,0,0,0,0,0,0,1,0,0,0,0,0,5,1,2,0,2,0,0,9.9999e-01,1.5408e-06,2.2244e-06,9.7612e-07,1.5321e-06,2.7064e-06,1.9593e-06,2.1237e-06
1,0,1,0,0,0,0,0,0,1,0,0,0,0,0,8,0,1,0,1,0,0,9.9998e-01,2.2358e-06,1.1028e-06,2.3684e-06,1.7456e-06,1.8960e-06,3.5810e-06,4.6658e-06
1,0,1,0,0,0,0,0,0,1,0,0,0,0,0,5,1,3,0,1,0,0,9.9998e-01,1.1100e-06,3.9579e-07,2.7142e-06,7.5546e-07,5.7562e-06,2.0041e-06,4.2078e-06